instances,accuracy,kappa,kappa_t,kappa_m,f1_score,f1_score_0,f1_score_1,precision,precision_0,precision_1,recall,recall_0,recall_1
100.0,64.0,2.9649595687331565,29.41176470588236,-9.090909090909099,52.673408090990016,14.285714285714285,77.21518987341771,54.22427035330261,42.857142857142854,65.59139784946237,51.208791208791204,8.571428571428571,93.84615384615384
200.0,66.0,0.0,24.444444444444443,0.0,,,79.51807228915662,,,66.0,50.0,0.0,100.0
300.0,67.0,0.0,25.0,0.0,,,80.23952095808384,,,67.0,50.0,0.0,100.0
400.0,65.0,0.0,25.53191489361702,0.0,,,78.7878787878788,,,65.0,50.0,0.0,100.0
500.0,68.0,0.0,28.888888888888893,0.0,,,80.95238095238095,,,68.0,50.0,0.0,100.0
600.0,56.99999999999999,0.0,17.307692307692303,0.0,,,72.61146496815287,,,56.99999999999999,50.0,0.0,100.0
700.0,62.0,0.0,28.301886792452834,0.0,,,76.5432098765432,,,62.0,50.0,0.0,100.0
800.0,56.99999999999999,0.0,4.444444444444424,0.0,,,72.61146496815287,,,56.99999999999999,50.0,0.0,100.0
900.0,69.0,0.0,29.545454545454525,0.0,,,81.65680473372781,,,69.0,50.0,0.0,100.0
1000.0,61.0,0.0,20.40816326530612,0.0,,,75.77639751552795,,,61.0,50.0,0.0,100.0
1100.0,62.0,0.0,11.627906976744196,0.0,,,76.5432098765432,,,62.0,50.0,0.0,100.0
1200.0,56.99999999999999,0.0,-2.3809523809523827,0.0,,,72.61146496815287,,,56.99999999999999,50.0,0.0,100.0
1300.0,56.00000000000001,0.0,-7.317073170731686,0.0,,,71.7948717948718,,,56.00000000000001,50.0,0.0,100.0
1400.0,67.0,0.0,23.255813953488392,0.0,,,80.23952095808384,,,67.0,50.0,0.0,100.0
1500.0,62.0,0.0,-11.764705882352953,0.0,,,76.5432098765432,,,62.0,50.0,0.0,100.0
1600.0,56.99999999999999,0.0,4.444444444444424,-2.3809523809523827,,,72.61146496815287,,,56.99999999999999,50.0,0.0,100.0
1700.0,62.0,0.0,15.555555555555548,0.0,,,76.5432098765432,,,62.0,50.0,0.0,100.0
1800.0,61.0,0.0,13.333333333333321,0.0,,,75.77639751552795,,,61.0,50.0,0.0,100.0
1900.0,61.0,0.0,23.52941176470588,0.0,,,75.77639751552795,,,61.0,50.0,0.0,100.0
2000.0,57.99999999999999,0.0,8.695652173913029,0.0,,,73.41772151898734,,,57.99999999999999,50.0,0.0,100.0
2100.0,54.0,4.326123128119809,-2.2222222222222245,2.1276595744680873,52.39627891523734,36.11111111111111,64.0625,52.702702702702695,50.0,55.4054054054054,52.09339774557166,28.26086956521739,75.92592592592592
2200.0,56.99999999999999,-1.9924098671726664,10.416666666666654,2.27272727272725,36.30573248407644,,72.61146496815287,28.78787878787879,0.0,57.57575757575758,49.137931034482754,0.0,98.27586206896551
2300.0,62.0,4.8096192384769525,24.0,0.0,54.186924149185735,17.391304347826086,75.32467532467533,56.52173913043479,50.0,63.04347826086957,52.03735144312394,10.526315789473683,93.54838709677419
2400.0,57.99999999999999,-4.011887072808347,-13.513513513513525,-13.513513513513525,47.32287723093564,16.0,72.00000000000001,46.41909814323608,30.76923076923077,62.06896551724138,48.26254826254826,10.81081081081081,85.71428571428571
2500.0,62.0,2.313624678663241,17.391304347826082,-8.57142857142858,51.48434138719684,20.833333333333332,75.0,51.9893899204244,38.46153846153847,65.51724137931035,50.989010989010985,14.285714285714285,87.6923076923077
2600.0,44.0,-13.22280630812777,-9.803921568627448,-5.66037735849056,43.33846964470612,50.0,36.36363636363637,43.24100868127325,47.45762711864407,39.02439024390244,43.43637093536732,52.83018867924528,34.04255319148936
2700.0,60.0,-0.20040080160321216,11.111111111111098,2.439024390243904,49.87350921575714,20.0,73.33333333333334,49.83388704318937,35.714285714285715,63.95348837209303,49.91319444444444,13.88888888888889,85.9375
2800.0,47.0,-6.000000000000005,1.851851851851843,-1.9230769230769247,46.984843598839085,44.21052631578947,49.523809523809526,46.96969696969697,46.666666666666664,47.27272727272727,47.0,42.0,52.0
2900.0,53.0,-11.374407582938371,6.000000000000005,-30.555555555555554,43.64433312460863,17.54385964912281,67.13286713286712,42.5,25.0,60.0,44.851994851994846,13.513513513513514,76.19047619047619
3000.0,52.0,-3.0485186775440085,2.040816326530614,-17.073170731707304,48.43620821190193,33.33333333333333,62.500000000000014,48.34034595605423,38.70967741935484,57.971014492753625,48.53245142620918,29.268292682926827,67.79661016949152
3100.0,63.0,20.25862068965519,24.489795918367346,9.756097560975617,60.443611183248095,47.887323943661976,71.31782945736434,61.1904761904762,56.666666666666664,65.71428571428571,59.7147581645308,41.46341463414634,77.96610169491525
3200.0,49.0,-9.91379310344826,-8.51063829787235,-24.390243902439018,44.881984730983085,28.169014084507044,60.465116279069775,44.52380952380952,33.33333333333333,55.714285714285715,45.24596940884663,24.390243902439025,66.10169491525424
3300.0,44.0,-16.91022964509395,-14.285714285714288,-30.23255813953487,41.41601771808245,28.205128205128204,54.0983606557377,41.098901098901095,31.428571428571427,50.76923076923077,41.73806609547124,25.581395348837212,57.89473684210527
3400.0,52.0,-12.359550561797743,2.040816326530614,-33.33333333333333,43.503937007874015,20.0,65.71428571428571,42.76315789473684,25.0,60.526315789473685,44.27083333333333,16.666666666666664,71.875
3500.0,47.0,-7.5487012987013005,-10.416666666666677,-15.21739130434784,46.20568262919523,39.08045977011494,53.09734513274337,46.15543613063249,41.46341463414634,50.847457627118644,46.256038647343,36.95652173913043,55.55555555555556
3600.0,59.0,7.071622846781506,-2.500000000000002,-13.8888888888889,53.586074642277616,36.92307692307693,69.62962962962963,53.78824672170956,41.37931034482759,66.19718309859155,53.385416666666664,33.33333333333333,73.4375
3700.0,51.0,-14.700374531835198,2.0000000000000018,-32.432432432432435,42.023118827492105,16.949152542372882,65.24822695035462,40.850815850815856,22.727272727272727,58.97435897435898,43.264693264693264,13.513513513513514,73.01587301587301
3800.0,56.99999999999999,10.491257285595337,8.510638297872324,0.0,55.30426813981033,45.56962025316456,64.46280991735537,55.46875,50.0,60.9375,55.14075887392901,41.86046511627907,68.42105263157895
3900.0,50.0,-0.32102728731943136,16.666666666666664,-16.279069767441847,49.83935649395872,52.83018867924528,46.80851063829787,49.8389694041868,51.85185185185185,47.82608695652174,49.83974358974359,53.84615384615385,45.83333333333333
4000.0,49.0,-4.081632653061228,1.9230769230769247,8.928571428571425,47.94821154268159,39.99999999999999,55.65217391304348,47.916666666666664,42.5,53.333333333333336,47.97979797979798,37.77777777777778,58.18181818181818
4100.0,64.0,7.216494845360858,5.263157894736847,-19.99999999999998,53.70370370370371,30.769230769230766,75.67567567567569,54.07925407925408,36.36363636363637,71.7948717948718,53.333333333333336,26.666666666666668,80.0
4200.0,57.99999999999999,15.151515151515124,-7.692307692307699,6.666666666666648,57.57575757575757,53.333333333333336,61.81818181818181,57.57575757575757,53.333333333333336,61.81818181818181,57.57575757575757,53.333333333333336,61.81818181818181
4300.0,41.0,-25.531914893617035,1.666666666666659,-47.5,37.153419593345646,21.333333333333332,52.800000000000004,36.81318681318681,22.857142857142858,50.76923076923077,37.5,20.0,55.00000000000001
4400.0,64.0,14.651493598862015,0.0,-9.090909090909099,57.41007194244604,40.0,74.28571428571429,57.8386605783866,44.44444444444444,71.23287671232876,56.98778833107192,36.36363636363637,77.61194029850746
4500.0,49.0,-4.251839738348332,3.7735849056603805,-15.909090909090926,47.86997283799177,40.0,55.65217391304347,47.85035138486978,41.46341463414634,54.23728813559322,47.88961038961039,38.63636363636363,57.14285714285714
4600.0,54.0,0.5620406398616616,2.1276595744680873,-17.948717948717935,50.28360219017566,36.11111111111111,64.0625,50.293984622342826,39.39393939393939,61.19402985074627,50.27322404371585,33.33333333333333,67.21311475409836
4700.0,56.00000000000001,8.485856905158082,6.382978723404261,-4.76190476190474,54.258188824662824,45.0,63.33333333333333,54.32937181663837,47.368421052631575,61.29032258064516,54.187192118226605,42.857142857142854,65.51724137931035
4800.0,61.0,12.94642857142858,13.333333333333321,-5.405405405405411,56.56056464945522,41.7910447761194,70.67669172932331,56.904761904761905,46.666666666666664,67.14285714285714,56.22050622050623,37.83783783783784,74.60317460317461
4900.0,51.0,1.2892828364222324,-4.255319148936175,-4.255319148936175,50.64583124232761,46.15384615384615,55.04587155963302,50.64935064935065,47.72727272727273,53.57142857142857,50.64231232436772,44.680851063829785,56.60377358490566
5000.0,56.99999999999999,10.788381742738576,-2.3809523809523827,12.244897959183662,55.395385933299856,46.913580246913575,63.86554621848739,55.41666666666667,47.5,63.33333333333333,55.37412153782555,46.34146341463415,64.40677966101694
5100.0,52.0,-5.309346204475647,-6.666666666666673,-29.729729729729726,47.3340096945102,31.428571428571427,63.07692307692307,47.263681592039795,33.33333333333333,61.19402985074627,47.4045474045474,29.72972972972973,65.07936507936508
5200.0,53.0,4.8582995951417045,-6.818181818181825,-4.444444444444449,52.42965312115895,47.19101123595506,57.657657657657644,52.435064935064936,47.72727272727273,57.14285714285714,52.424242424242415,46.666666666666664,58.18181818181818
5300.0,63.0,21.940928270042193,2.6315789473684235,7.500000000000007,60.99325074804454,51.948051948051955,69.91869918699187,61.15401115401116,54.054054054054056,68.25396825396825,60.83333333333334,50.0,71.66666666666667
5400.0,46.0,-8.043217286914757,0.0,-10.20408163265306,45.978391356542616,44.89795918367347,47.05882352941176,45.978391356542616,44.89795918367347,47.05882352941176,45.978391356542616,44.89795918367347,47.05882352941176
5500.0,49.0,-2.245388933440254,-4.081632653061228,-10.869565217391315,48.87707925434771,51.42857142857144,46.31578947368421,48.87820512820513,51.92307692307693,45.83333333333333,48.87595343235648,50.943396226415096,46.808510638297875
5600.0,56.00000000000001,-8.91089108910889,-7.317073170731686,-46.66666666666663,45.51742137544043,21.428571428571427,69.44444444444444,45.32224532224532,23.076923076923077,67.56756756756756,45.714285714285715,20.0,71.42857142857143
5700.0,63.0,0.3232758620689598,2.6315789473684235,-37.037037037037024,50.16351353860272,24.489795918367346,75.49668874172185,50.174825174825166,27.27272727272727,73.07692307692307,50.15220700152207,22.22222222222222,78.08219178082192
5800.0,55.00000000000001,5.063291139240511,2.173913043478263,-12.499999999999984,52.5369752273632,41.55844155844156,63.41463414634146,52.57400257400258,43.24324324324324,61.904761904761905,52.5,40.0,65.0
5900.0,56.00000000000001,11.894273127753307,-2.3255813953488134,10.204081632653072,55.95191747832049,54.16666666666667,57.6923076923077,55.96146126053794,55.319148936170215,56.60377358490566,55.942376950780314,53.06122448979592,58.82352941176471
6000.0,54.0,6.655844155844146,2.1276595744680873,-9.523809523809506,53.327922077922075,47.72727272727273,58.92857142857143,53.327922077922075,47.72727272727273,58.92857142857143,53.327922077922075,47.72727272727273,58.92857142857143
6100.0,46.0,-14.552397114976651,-1.8867924528301798,-38.46153846153845,42.71673670088592,28.947368421052637,56.451612903225815,42.64264264264265,29.72972972972973,55.55555555555556,42.79108869272804,28.205128205128204,57.377049180327866
6200.0,45.0,-10.264635124298309,0.0,-17.021276595744688,44.86664754803556,42.10526315789473,47.61904761904762,44.871794871794876,41.66666666666667,48.07692307692308,44.86150140505821,42.5531914893617,47.16981132075472
6300.0,47.0,-7.287449392712557,-15.21739130434784,-32.5,46.3555180592477,40.449438202247194,52.25225225225225,46.36363636363636,40.0,52.72727272727272,46.3474025974026,40.909090909090914,51.78571428571429
6400.0,52.0,-2.9159519725557344,2.040816326530614,-26.315789473684205,48.54058534467447,35.13513513513514,61.904761904761905,48.52430555555556,36.11111111111111,60.9375,48.55687606112055,34.21052631578947,62.903225806451616
6500.0,48.0,-6.7323481116584425,0.0,-23.809523809523803,46.63382594417077,38.095238095238095,55.172413793103445,46.63382594417077,38.095238095238095,55.172413793103445,46.63382594417077,38.095238095238095,55.172413793103445
6600.0,53.0,4.393816110659085,4.081632653061228,-6.818181818181825,52.1973697609107,45.97701149425287,58.4070796460177,52.203182374541,46.51162790697674,57.89473684210527,52.19155844155844,45.45454545454545,58.92857142857143
6700.0,46.0,-11.616370400992139,0.0,-31.707317073170714,44.19181479950392,34.146341463414636,54.23728813559322,44.19181479950392,34.146341463414636,54.23728813559322,44.19181479950392,34.146341463414636,54.23728813559322
6800.0,54.0,7.407407407407398,0.0,0.0,53.703703703703695,50.0,57.407407407407405,53.703703703703695,50.0,57.407407407407405,53.703703703703695,50.0,57.407407407407405
6900.0,39.0,-21.999999999999996,-5.172413793103443,-15.0943396226415,38.944365192582026,41.904761904761905,35.78947368421052,38.88888888888889,40.0,37.77777777777778,39.0,44.0,34.0
7000.0,55.00000000000001,5.303030303030304,8.163265306122456,15.094339622641522,53.303527074018874,66.66666666666667,30.76923076923077,54.09356725146199,55.55555555555556,52.63157894736842,52.53623188405797,83.33333333333334,21.73913043478261
7100.0,52.0,0.373599003735995,-2.1276595744680873,-6.666666666666673,50.18832391713748,40.0,60.0,50.18359853121175,37.2093023255814,63.1578947368421,50.19305019305019,43.24324324324324,57.14285714285714
7200.0,53.0,-10.536218250235171,6.000000000000005,-42.42424242424243,44.68808861150937,22.950819672131146,66.18705035971223,44.44444444444444,25.0,63.888888888888886,44.93441881501583,21.21212121212121,68.65671641791045
7300.0,46.0,-10.47463175122749,0.0,6.896551724137937,44.64482516781885,54.23728813559322,34.146341463414636,44.44444444444444,50.0,38.88888888888889,44.847020933977454,59.25925925925925,30.434782608695656
7400.0,64.0,10.891089108910876,23.404255319148934,7.692307692307699,55.87106676899464,33.333333333333336,75.34246575342466,56.875,45.0,68.75,54.90196078431373,26.47058823529412,83.33333333333334
7500.0,61.0,-1.0362694300518434,17.021276595744673,-11.42857142857144,49.305429510909256,17.02127659574468,74.50980392156863,49.0530303030303,33.33333333333333,64.77272727272727,49.56043956043956,11.428571428571429,87.6923076923077
7600.0,57.99999999999999,9.83254615714898,0.0,-2.439024390243904,55.041421090662936,41.66666666666667,67.1875,55.35296867695185,48.38709677419355,62.31884057971014,54.73336089293096,36.58536585365854,72.88135593220339
7700.0,55.00000000000001,6.32805995004165,6.250000000000005,-4.6511627906976525,53.199509227285944,43.037974683544306,62.8099173553719,53.298611111111114,47.22222222222222,59.375,53.10077519379844,39.53488372093023,66.66666666666666
7800.0,59.0,-4.591836734693911,6.8181818181818,-17.14285714285716,47.12580032487333,16.3265306122449,72.8476821192053,46.262458471760795,28.57142857142857,63.95348837209303,48.02197802197802,11.428571428571429,84.61538461538461
7900.0,56.00000000000001,-3.969754253308084,-2.3255813953488134,-4.76190476190474,35.8974358974359,,71.7948717948718,28.57142857142857,0.0,57.14285714285714,48.275862068965516,0.0,96.55172413793103
8000.0,56.99999999999999,10.491257285595337,21.818181818181806,0.0,55.30426813981033,45.56962025316456,64.46280991735537,55.46875,50.0,60.9375,55.14075887392901,41.86046511627907,68.42105263157895
8100.0,56.00000000000001,-0.9174311926605514,13.725490196078443,-4.76190476190474,49.236697791611086,15.384615384615385,70.27027027027027,48.888888888888886,40.0,57.77777777777777,49.589490968801314,9.523809523809524,89.65517241379311
8200.0,59.0,0.0,4.651162790697678,0.0,,,74.21383647798743,,,59.0,50.0,0.0,100.0
8300.0,55.00000000000001,0.0,11.764705882352951,0.0,,,70.96774193548387,,,55.00000000000001,50.0,0.0,100.0
8400.0,56.00000000000001,0.0,0.0,6.382978723404261,,,71.7948717948718,,,56.00000000000001,50.0,0.0,100.0
8500.0,51.0,0.0,-11.363636363636376,0.0,,,67.54966887417218,,,51.0,50.0,0.0,100.0
8600.0,59.0,1.7257909875359763,12.765957446808498,0.0,52.642058508194204,8.888888888888888,73.54838709677419,54.6875,50.0,59.375,50.74410913600661,4.878048780487805,96.61016949152543
8700.0,49.0,-0.15710919088767142,-8.51063829787235,0.0,49.69858992504062,7.2727272727272725,64.82758620689654,49.479166666666664,50.0,48.95833333333333,49.91996798719487,3.9215686274509802,95.91836734693877
8800.0,62.0,0.0,28.301886792452834,2.5641025641025665,,,76.5432098765432,,,62.0,50.0,0.0,100.0
8900.0,57.99999999999999,0.0,12.49999999999999,0.0,,,73.41772151898734,,,57.99999999999999,50.0,0.0,100.0
9000.0,57.99999999999999,0.0,14.285714285714276,0.0,,,73.41772151898734,,,57.99999999999999,50.0,0.0,100.0
9100.0,63.0,-3.9325842696629247,21.276595744680847,-5.71428571428572,38.65030674846626,,77.30061349693251,32.142857142857146,0.0,64.28571428571429,48.46153846153846,0.0,96.92307692307692
9200.0,52.0,-3.2258064516129066,-2.1276595744680873,-11.62790697674417,48.23386114494518,29.411764705882355,63.63636363636363,48.00000000000001,40.0,56.00000000000001,48.470012239902076,23.25581395348837,73.68421052631578
9300.0,62.0,0.0,15.555555555555548,0.0,,,76.5432098765432,,,62.0,50.0,0.0,100.0
9400.0,59.0,0.0,2.3809523809523827,0.0,,,74.21383647798743,,,59.0,50.0,0.0,100.0
9500.0,56.99999999999999,0.0,18.867924528301884,0.0,,,72.61146496815287,,,56.99999999999999,50.0,0.0,100.0
9600.0,46.0,0.5524861878452942,11.475409836065575,-28.57142857142855,50.723999339316194,60.8695652173913,12.90322580645161,51.1520737327189,45.16129032258064,57.14285714285714,50.303030303030305,93.33333333333333,7.2727272727272725
9700.0,47.0,-4.49526813880127,-10.416666666666677,-29.268292682926827,47.6744642693511,44.21052631578948,49.52380952380952,47.70531400966183,38.88888888888889,56.52173913043478,47.643654402645716,51.21951219512195,44.06779661016949
9800.0,65.0,0.0,12.50000000000001,0.0,,,78.7878787878788,,,65.0,50.0,0.0,100.0
9900.0,61.0,-1.9874476987447833,25.0,-2.6315789473684235,37.88819875776397,,75.77639751552795,30.808080808080806,0.0,61.61616161616161,49.193548387096776,0.0,98.38709677419355
10000.0,51.0,-6.521739130434789,10.909090909090907,-8.888888888888898,44.15954415954416,10.90909090909091,66.20689655172414,41.666666666666664,30.0,53.333333333333336,46.96969696969697,6.666666666666667,87.27272727272727
10100.0,52.0,-11.162575266327009,-6.666666666666673,-23.076923076923066,43.508670929855555,17.241379310344826,66.19718309859155,42.17024041585445,26.31578947368421,58.0246913580247,44.934846574190836,12.82051282051282,77.04918032786885
10200.0,56.99999999999999,-4.470359572400409,15.686274509803914,-16.21621621621623,47.29088937429947,18.867924528301884,70.74829931972789,46.577380952380956,31.25,61.904761904761905,48.02659802659802,13.513513513513514,82.53968253968253
10300.0,53.0,-12.225405921681,-4.444444444444449,-30.555555555555554,43.33758060156762,17.543859649122805,67.13286713286712,42.28450874020494,23.809523809523807,60.75949367088608,44.44444444444444,13.88888888888889,75.0
10400.0,53.0,5.773857257417812,-11.904761904761887,4.081632653061228,52.901607276397755,49.46236559139784,56.074766355140184,52.922077922077925,52.27272727272727,53.57142857142857,52.881152460984396,46.93877551020408,58.82352941176471
10500.0,53.0,6.000000000000005,2.0833333333333353,0.0,53.000600233298236,53.46534653465347,52.52525252525252,53.0,54.0,52.0,53.00120048019208,52.94117647058824,53.06122448979592
10600.0,54.0,-3.6036036036035815,-9.523809523809506,-9.523809523809506,47.998866901379955,25.806451612903224,66.66666666666667,47.66899766899767,36.36363636363637,58.97435897435898,48.33333333333334,20.0,76.66666666666667
10700.0,56.00000000000001,11.823647294589188,8.333333333333341,2.2222222222222245,55.930963809622924,53.19148936170212,58.490566037735846,55.959595959595966,55.55555555555556,56.36363636363636,55.90236094437775,51.02040816326531,60.78431372549019
10800.0,44.0,-14.942528735632191,-1.8181818181818195,-24.444444444444457,42.2776646300068,30.0,53.333333333333336,41.889483065953655,35.294117647058826,48.484848484848484,42.673107890499196,26.08695652173913,59.25925925925925
10900.0,45.0,-15.159128978224448,-3.7735849056603703,-27.90697674418603,42.271908450493726,28.571428571428577,55.284552845528445,41.93404634581105,32.35294117647059,51.515151515151516,42.61525907792738,25.581395348837212,59.64912280701754
11000.0,53.0,-4.074402125775016,2.0833333333333353,-20.5128205128205,47.891701462854826,29.850746268656714,64.66165413533835,47.71825396825397,35.714285714285715,59.72222222222222,48.06641445985708,25.64102564102564,70.49180327868852
11100.0,55.00000000000001,7.1015689512799325,10.000000000000009,-2.2727272727272747,53.58964670626194,44.44444444444445,62.18487394957983,53.68940368940369,48.64864864864865,58.730158730158735,53.49025974025974,40.909090909090914,66.07142857142857
11200.0,56.99999999999999,6.1135371179039115,12.244897959183662,-7.500000000000007,53.15709029584694,37.68115942028986,67.17557251908396,53.399708596406015,44.827586206896555,61.97183098591549,52.916666666666664,32.5,73.33333333333333
11300.0,54.0,0.0,4.1666666666666705,-14.999999999999986,50.0,34.285714285714285,64.61538461538461,50.0,40.0,60.0,50.0,30.0,70.0
11400.0,56.00000000000001,4.885430177258985,-2.3255813953488134,-12.820512820512803,52.46502095191713,38.88888888888889,65.62500000000001,52.55540479421077,42.42424242424242,62.68656716417911,52.37494745691467,35.8974358974359,68.85245901639344
11500.0,52.0,-3.0485186775440085,14.285714285714288,-17.073170731707304,48.43620821190193,33.33333333333333,62.500000000000014,48.34034595605423,38.70967741935484,57.971014492753625,48.53245142620918,29.268292682926827,67.79661016949152
11600.0,55.00000000000001,-2.2727272727272494,16.66666666666667,-18.421052631578934,48.80239347360975,28.57142857142857,67.15328467153284,48.666666666666664,36.0,61.33333333333333,48.93887945670628,23.684210526315788,74.19354838709677
11700.0,47.0,-6.255012028869287,-8.163265306122456,-1.9230769230769247,46.856573054795646,43.01075268817204,50.467289719626166,46.83441558441558,45.45454545454545,48.214285714285715,46.87875150060024,40.816326530612244,52.94117647058824
11800.0,50.0,-0.20040080160320656,-13.63636363636365,-11.111111111111121,49.89947493677695,52.83018867924528,46.808510638297875,49.898989898989896,50.90909090909091,48.888888888888886,49.899959983993604,54.90196078431373,44.89795918367347
11900.0,52.0,2.6369168356997994,2.040816326530614,-11.62790697674417,51.31955954721248,45.45454545454546,57.14285714285714,51.32598939208486,46.51162790697674,56.14035087719298,51.31313131313131,44.44444444444444,58.18181818181818
12000.0,49.0,-6.161532056619475,1.9230769230769247,-18.604651162790688,46.88431143930561,35.44303797468354,57.85123966942148,46.78819444444444,38.88888888888889,54.6875,46.98082415340677,32.55813953488372,61.40350877192983
12100.0,52.0,-0.5025125628140615,-6.666666666666673,-14.28571428571427,49.74663795659966,38.46153846153846,60.65573770491803,49.739583333333336,41.66666666666667,57.8125,49.7536945812808,35.714285714285715,63.793103448275865
12200.0,54.0,8.000000000000007,-6.97674418604649,13.207547169811331,54.00320493797851,54.90196078431373,53.06122448979592,54.006410256410255,53.84615384615385,54.166666666666664,54.0,56.00000000000001,52.0
12300.0,60.0,4.030710172744705,2.439024390243904,-8.108108108108116,52.086253187213984,31.034482758620697,71.83098591549295,52.30263157894737,37.5,67.10526315789474,51.87165775401069,26.47058823529412,77.27272727272727
12400.0,41.0,-19.918699186991876,0.0,-31.11111111111113,40.02161252656238,32.18390804597702,47.78761061946902,39.94252873563218,33.33333333333333,46.55172413793103,40.101010101010104,31.11111111111111,49.09090909090909
12500.0,48.0,-5.3484602917341935,-6.122448979591842,-15.55555555555557,47.31680329930091,40.909090909090914,53.57142857142857,47.29064039408867,42.857142857142854,51.724137931034484,47.34299516908212,39.130434782608695,55.55555555555556
12600.0,49.0,-9.913793103448286,0.0,-34.21052631578947,45.03178254668466,30.136986301369863,59.84251968503938,44.94505494505495,31.428571428571427,58.46153846153847,45.1188455008489,28.947368421052634,61.29032258064516
12700.0,61.0,6.519654841802493,7.142857142857148,-21.87500000000002,53.28701706362785,33.89830508474576,72.34042553191489,53.45002536783359,37.03703703703704,69.86301369863014,53.125,31.25,75.0
12800.0,51.0,-4.255319148936175,5.7692307692307745,-22.499999999999993,47.85936378856733,34.66666666666667,60.8,47.8021978021978,37.142857142857146,58.46153846153847,47.916666666666664,32.5,63.33333333333333
12900.0,55.00000000000001,-4.166666666666644,-2.2727272727272747,-36.36363636363637,47.910871961888965,28.571428571428566,67.15328467153284,47.857142857142854,30.0,65.71428571428571,47.964721845318856,27.27272727272727,68.65671641791045
13000.0,52.0,-0.7133864876206375,2.040816326530614,-17.073170731707304,49.641981496572,38.46153846153847,60.65573770491803,49.635349635349634,40.54054054054054,58.730158730158735,49.6486151302191,36.58536585365854,62.71186440677966
13100.0,56.00000000000001,5.781584582441119,8.333333333333341,-12.820512820512803,52.90210028342563,40.54054054054054,65.07936507936508,52.96703296703297,42.857142857142854,63.07692307692307,52.83732660781841,38.46153846153847,67.21311475409836
13200.0,53.0,-1.2931034482758632,4.081632653061228,-23.68421052631578,49.35199090433963,35.61643835616439,62.99212598425198,49.34065934065934,37.142857142857146,61.53846153846154,49.36332767402377,34.21052631578947,64.51612903225806
13300.0,48.0,-7.438016528925627,0.0,-23.809523809523803,46.2776927682789,36.58536585365853,55.93220338983051,46.25,37.5,55.00000000000001,46.30541871921182,35.714285714285715,56.896551724137936
13400.0,53.0,5.92473979183348,-2.173913043478263,0.0,52.96296397197333,51.54639175257733,54.36893203883495,52.96118447378952,51.02040816326531,54.90196078431373,52.96474358974359,52.083333333333336,53.84615384615385
13500.0,42.0,-23.03775986423419,1.6949152542372896,-48.717948717948715,38.46978121651381,23.684210526315788,53.22580645161291,38.35263835263836,24.324324324324326,52.38095238095239,38.587641866330394,23.076923076923077,54.09836065573771
13600.0,54.0,5.582922824302157,-2.2222222222222245,-9.523809523809506,52.791461412151065,45.23809523809524,60.3448275862069,52.791461412151065,45.23809523809524,60.3448275862069,52.791461412151065,45.23809523809524,60.3448275862069
13700.0,52.0,3.6918138041733495,2.040816326530614,-2.1276595744680873,51.84739990269311,48.93617021276596,54.71698113207548,51.85185185185186,50.0,53.70370370370371,51.84294871794872,47.91666666666667,55.769230769230774
13800.0,43.0,-14.549839228295811,0.0,-32.55813953488371,42.72360123158537,38.70967741935484,46.728971962616825,42.73384183059012,38.297872340425535,47.16981132075472,42.7133655394525,39.130434782608695,46.2962962962963
13900.0,50.0,-0.04001600640255661,0.0,-4.1666666666666705,49.97999199679872,48.97959183673469,50.98039215686274,49.97999199679872,48.97959183673469,50.98039215686274,49.97999199679872,48.97959183673469,50.98039215686274
14000.0,53.0,4.8582995951417045,0.0,-11.904761904761887,52.42965312115895,47.19101123595506,57.657657657657644,52.435064935064936,47.72727272727273,57.14285714285714,52.424242424242415,46.666666666666664,58.18181818181818
14100.0,52.0,-1.8675721561969505,2.040816326530614,-26.315789473684205,49.06621392190152,36.84210526315789,61.29032258064516,49.06621392190152,36.84210526315789,61.29032258064516,49.06621392190152,36.84210526315789,61.29032258064516
14200.0,40.0,-21.212121212121236,1.6393442622950833,-33.33333333333334,39.39393939393939,33.33333333333333,45.45454545454545,39.39393939393939,33.33333333333333,45.45454545454545,39.39393939393939,33.33333333333333,45.45454545454545
14300.0,50.0,5.123339658444027,-11.111111111111121,-47.05882352941178,52.87857362540313,46.80851063829788,52.83018867924528,52.79040926002481,37.28813559322034,68.29268292682927,52.96703296703297,62.857142857142854,43.07692307692308
14400.0,45.0,-10.5305466237942,-1.8518518518518534,-1.8518518518518534,44.73365668825718,48.598130841121495,40.86021505376344,44.741067844239254,49.056603773584904,40.42553191489361,44.72624798711755,48.148148148148145,41.30434782608695
14500.0,45.0,-12.982744453574357,6.7796610169491585,-14.583333333333334,43.472806319116316,33.734939759036145,52.99145299145298,43.35855401429172,35.8974358974359,50.81967213114754,43.58766233766234,31.818181818181817,55.35714285714286
14600.0,49.0,-2.40963855421687,-13.333333333333346,-15.909090909090926,48.792977322604244,45.16129032258064,52.336448598130836,48.79807692307692,43.75,53.84615384615385,48.78787878787879,46.666666666666664,50.90909090909091
14700.0,56.99999999999999,10.788381742738576,0.0,-4.878048780487808,55.395385933299856,46.913580246913575,63.86554621848739,55.41666666666667,47.5,63.33333333333333,55.37412153782555,46.34146341463415,64.40677966101694
14800.0,53.0,4.393816110659085,0.0,-9.30232558139533,52.1973697609107,45.97701149425287,58.4070796460177,52.19155844155844,45.45454545454545,58.92857142857143,52.203182374541,46.51162790697674,57.89473684210527
14900.0,60.0,9.543193125282658,0.0,-21.212121212121236,54.77159656264134,39.39393939393939,70.1492537313433,54.77159656264134,39.39393939393939,70.1492537313433,54.77159656264134,39.39393939393939,70.1492537313433
15000.0,48.0,-6.7323481116584425,0.0,-23.809523809523803,46.63382594417077,38.095238095238095,55.172413793103445,46.63382594417077,38.095238095238095,55.172413793103445,46.63382594417077,38.095238095238095,55.172413793103445
15100.0,45.0,-9.999999999999998,0.0,-25.00000000000001,44.99899957759943,44.44444444444445,45.54455445544555,44.997999199679874,44.89795918367347,45.09803921568628,45.0,44.0,46.0
15200.0,59.0,17.004048582995946,0.0,14.583333333333323,58.503781747549965,53.93258426966293,63.06306306306306,58.484848484848484,53.333333333333336,63.63636363636363,58.52272727272727,54.54545454545454,62.5
15300.0,52.0,-0.8827238335435018,0.0,-23.076923076923066,49.558638083228246,38.46153846153847,60.65573770491803,49.558638083228246,38.46153846153847,60.65573770491803,49.558638083228246,38.46153846153847,60.65573770491803
15400.0,52.0,2.5974025974025823,0.0,-9.090909090909099,51.298701298701296,45.45454545454545,57.14285714285714,51.298701298701296,45.45454545454545,57.14285714285714,51.298701298701296,45.45454545454545,57.14285714285714
15500.0,54.0,7.667603372139705,0.0,2.1276595744680873,53.83380168606985,51.06382978723404,56.60377358490566,53.83380168606985,51.06382978723404,56.60377358490566,53.83380168606985,51.06382978723404,56.60377358490566
15600.0,49.0,-2.0000000000000018,0.0,-8.51063829787235,48.999799919151,49.5049504950495,48.484848484848484,49.0,50.0,48.0,48.99959983993597,49.01960784313725,48.97959183673469
15700.0,51.0,-2.5104602510460277,0.0,-6.521739130434789,48.74448235160962,37.97468354430381,59.50413223140496,48.75,37.5,60.0,48.738965952080704,38.46153846153847,59.01639344262295
15800.0,51.0,0.8097165991902842,0.0,-6.521739130434789,50.404942263805374,44.9438202247191,55.85585585585585,50.40584415584416,45.45454545454545,55.35714285714286,50.40404040404041,44.44444444444444,56.36363636363636
15900.0,53.0,0.7601351351351452,0.0,-23.68421052631578,50.38015673729744,38.961038961038966,61.788617886178855,50.37831021437579,38.46153846153847,62.295081967213115,50.38200339558574,39.473684210526315,61.29032258064516
16000.0,56.00000000000001,4.513888888888898,0.0,-22.222222222222214,52.25694444444444,38.88888888888889,65.625,52.25694444444444,38.88888888888889,65.625,52.25694444444444,38.88888888888889,65.625
16100.0,54.0,3.3207229928541477,0.0,-17.948717948717935,51.66036149642708,41.02564102564102,62.295081967213115,51.66036149642708,41.02564102564102,62.295081967213115,51.66036149642708,41.02564102564102,62.295081967213115
16200.0,50.0,-3.3484911120297625,0.0,-21.951219512195113,48.32575444398512,39.02439024390244,57.6271186440678,48.32575444398512,39.02439024390244,57.6271186440678,48.32575444398512,39.02439024390244,57.6271186440678
16300.0,48.0,-6.7323481116584425,0.0,-23.809523809523803,46.63382594417077,38.095238095238095,55.172413793103445,46.63382594417077,38.095238095238095,55.172413793103445,46.63382594417077,38.095238095238095,55.172413793103445
16400.0,52.0,2.5974025974025823,0.0,-9.090909090909099,51.298701298701296,45.45454545454545,57.14285714285714,51.298701298701296,45.45454545454545,57.14285714285714,51.298701298701296,45.45454545454545,57.14285714285714
16500.0,56.00000000000001,8.333333333333341,0.0,-12.820512820512803,54.166666666666664,45.0,63.33333333333333,54.166666666666664,45.0,63.33333333333333,54.166666666666664,45.0,63.33333333333333
16600.0,54.0,7.852564102564105,0.0,4.1666666666666705,53.92628205128205,52.083333333333336,55.769230769230774,53.92628205128205,52.083333333333336,55.769230769230774,53.92628205128205,52.083333333333336,55.769230769230774
16700.0,50.0,-3.3484911120297625,0.0,-28.2051282051282,48.32575444398512,39.02439024390244,57.6271186440678,48.32575444398512,39.02439024390244,57.6271186440678,48.32575444398512,39.02439024390244,57.6271186440678
16800.0,48.0,-4.669887278582953,0.0,-13.043478260869579,47.66505636070853,43.47826086956522,51.85185185185185,47.66505636070853,43.47826086956522,51.85185185185185,47.66505636070853,43.47826086956522,51.85185185185185
16900.0,55.00000000000001,4.010238907849837,0.0,-18.421052631578934,52.00560211830098,40.0,64.0,52.01630201630202,40.54054054054054,63.49206349206349,51.99490662139219,39.473684210526315,64.51612903225806
17000.0,51.0,0.8097165991902842,0.0,-11.363636363636376,50.404942263805374,44.9438202247191,55.85585585585585,50.40404040404041,44.44444444444444,56.36363636363636,50.40584415584416,45.45454545454545,55.35714285714286
17100.0,51.0,-1.6597510373443998,0.0,-19.51219512195121,49.16993915105741,39.50617283950618,58.82352941176471,49.16666666666667,40.0,58.333333333333336,49.17321207110376,39.02439024390244,59.32203389830508
17200.0,57.99999999999999,10.865874363327656,0.0,-5.000000000000004,55.43293718166383,44.73684210526316,66.12903225806451,55.43293718166383,44.73684210526316,66.12903225806451,55.43293718166383,44.73684210526316,66.12903225806451
17300.0,55.00000000000001,4.010238907849837,0.0,-21.62162162162161,52.00560211830098,40.0,64.0,51.99490662139219,39.473684210526315,64.51612903225806,52.01630201630202,40.54054054054054,63.49206349206349
17400.0,49.0,-2.081665332265805,0.0,-4.081632653061228,48.95895857544837,47.422680412371136,50.48543689320388,48.958333333333336,47.91666666666667,50.0,48.959583833533415,46.93877551020408,50.98039215686274
17500.0,55.00000000000001,5.8577405857740645,0.0,-18.421052631578934,52.92953659170138,43.037974683544306,62.8099173553719,52.916666666666664,42.5,63.33333333333333,52.94241277847836,43.58974358974359,62.295081967213115
17600.0,55.00000000000001,5.8577405857740645,0.0,-12.499999999999984,52.92953659170138,43.037974683544306,62.8099173553719,52.94241277847836,43.58974358974359,62.295081967213115,52.916666666666664,42.5,63.33333333333333
17700.0,52.0,-2.960102960102968,0.0,-29.729729729729726,48.51994851994853,35.13513513513514,61.904761904761905,48.51994851994852,35.13513513513514,61.904761904761905,48.51994851994852,35.13513513513514,61.904761904761905
17800.0,56.99999999999999,10.041841004184086,0.0,-10.256410256410266,55.02205924482898,45.56962025316456,64.46280991735537,55.00000000000001,45.0,65.0,55.04413619167718,46.15384615384615,63.934426229508205
17900.0,38.0,-24.198717948717956,0.0,-44.18604651162789,37.90064102564102,35.41666666666667,40.38461538461539,37.90064102564102,35.41666666666667,40.38461538461539,37.90064102564102,35.41666666666667,40.38461538461539
18000.0,41.0,-16.877971473851026,-7.272727272727278,-40.476190476190474,41.35246207875664,37.89473684210526,43.80952380952381,41.44921718185468,33.9622641509434,48.93617021276596,41.256157635467986,42.857142857142854,39.6551724137931
18100.0,54.0,7.704654895666129,-9.523809523809506,0.0,53.85544247024322,51.06382978723404,56.60377358490566,53.84615384615385,50.0,57.692307692307686,53.864734299516904,52.17391304347826,55.55555555555556
18200.0,47.0,-12.765957446808523,-3.921568627450984,-32.5,43.57762017336485,29.333333333333332,57.60000000000001,43.40659340659341,31.428571428571427,55.38461538461539,43.75,27.500000000000004,60.0
18300.0,52.0,-11.368909512761004,5.8823529411764754,-37.142857142857146,44.196231479682844,22.58064516129032,65.21739130434783,43.784880771182145,25.925925925925924,61.64383561643836,44.61538461538461,20.0,69.23076923076923
18400.0,56.99999999999999,12.955465587044523,0.0,17.307692307692303,56.47907279230733,61.261261261261254,51.685393258426956,56.49350649350649,60.71428571428571,52.27272727272727,56.464646464646464,61.81818181818181,51.11111111111111
18500.0,54.0,5.582922824302157,0.0,-6.97674418604649,52.791461412151065,45.23809523809524,60.3448275862069,52.791461412151065,45.23809523809524,60.3448275862069,52.791461412151065,45.23809523809524,60.3448275862069
18600.0,46.0,-8.69565217391306,0.0,-17.391304347826093,45.652173913043484,41.30434782608695,50.0,45.652173913043484,41.30434782608695,50.0,45.652173913043484,41.30434782608695,50.0
18700.0,54.0,7.407407407407398,0.0,0.0,53.703703703703695,50.0,57.407407407407405,53.703703703703695,50.0,57.407407407407405,53.703703703703695,50.0,57.407407407407405
18800.0,41.0,-18.000000000000004,0.0,-25.531914893617035,40.99819920062076,40.40404040404041,41.58415841584158,40.99639855942377,40.816326530612244,41.17647058823529,41.0,40.0,42.0
18900.0,52.0,0.7854485324514314,0.0,-9.090909090909099,50.392724266225706,41.46341463414634,59.32203389830508,50.392724266225706,41.46341463414634,59.32203389830508,50.392724266225706,41.46341463414634,59.32203389830508
19000.0,59.0,15.56836902800659,0.0,0.0,57.78587044671738,50.602409638554214,64.95726495726495,57.758620689655174,50.0,65.51724137931035,57.81314592806945,51.21951219512195,64.40677966101694
19100.0,51.0,1.764234161988779,0.0,3.921568627450984,50.88229483582914,48.421052631578945,53.333333333333336,50.88317944600562,48.93617021276596,52.83018867924528,50.881410256410255,47.91666666666667,53.84615384615385
19200.0,56.99999999999999,10.788381742738576,0.0,-7.500000000000007,55.395385933299856,46.913580246913575,63.86554621848739,55.37412153782555,46.34146341463415,64.40677966101694,55.41666666666667,47.5,63.33333333333333
19300.0,60.0,13.194444444444436,0.0,-11.111111111111121,56.59722222222222,44.44444444444444,68.75,56.59722222222222,44.44444444444444,68.75,56.59722222222222,44.44444444444444,68.75
19400.0,55.00000000000001,4.010238907849837,0.0,-18.421052631578934,52.00560211830098,40.0,64.0,52.01630201630202,40.54054054054054,63.49206349206349,51.99490662139219,39.473684210526315,64.51612903225806
19500.0,56.00000000000001,1.960784313725497,0.0,-29.411764705882348,50.98039215686274,35.294117647058826,66.66666666666666,50.98039215686274,35.294117647058826,66.66666666666666,50.98039215686274,35.294117647058826,66.66666666666666
19600.0,56.99999999999999,7.247627264883512,0.0,-19.44444444444446,53.62471015443846,41.09589041095891,66.14173228346458,53.6036036036036,40.54054054054054,66.66666666666666,53.645833333333336,41.66666666666667,65.625
19700.0,40.0,-22.399020807833516,0.0,-39.53488372093021,38.80048959608323,30.23255813953488,47.368421052631575,38.80048959608323,30.23255813953488,47.368421052631575,38.80048959608323,30.23255813953488,47.368421052631575
19800.0,53.0,4.8582995951417045,0.0,-4.444444444444449,52.42965312115895,47.19101123595506,57.657657657657644,52.435064935064936,47.72727272727273,57.14285714285714,52.424242424242415,46.666666666666664,58.18181818181818
19900.0,55.00000000000001,9.565916398713844,0.0,13.461538461538472,54.78392824192449,57.943925233644855,51.61290322580645,54.790660225442835,57.407407407407405,52.17391304347826,54.777197912484944,58.490566037735846,51.06382978723404
20000.0,54.0,4.1666666666666705,0.0,-2.2222222222222245,52.083333333333336,42.5,61.66666666666667,52.083333333333336,42.5,61.66666666666667,52.083333333333336,42.5,61.66666666666667
20100.0,42.0,-16.04641856742697,0.0,-18.367346938775515,41.97679071628651,40.816326530612244,43.13725490196079,41.976790716286516,40.816326530612244,43.13725490196079,41.976790716286516,40.816326530612244,43.13725490196079
20200.0,56.00000000000001,5.61990561990562,0.0,-18.918918918918905,52.80995280995281,40.54054054054054,65.07936507936508,52.80995280995281,40.54054054054054,65.07936507936508,52.80995280995281,40.54054054054054,65.07936507936508
20300.0,44.0,-12.044817927170863,0.0,-5.66037735849056,43.977591036414566,45.09803921568628,42.857142857142854,43.977591036414566,45.09803921568628,42.857142857142854,43.977591036414566,45.09803921568628,42.857142857142854
20400.0,48.0,-8.333333333333341,0.0,-18.181818181818198,45.83333333333333,35.0,56.666666666666664,45.83333333333333,35.0,56.666666666666664,45.83333333333333,35.0,56.666666666666664
20500.0,51.0,-1.6597510373443998,0.0,-19.51219512195121,49.16993915105741,39.50617283950618,58.82352941176471,49.16666666666667,40.0,58.333333333333336,49.17321207110376,39.02439024390244,59.32203389830508
20600.0,49.0,-2.245388933440254,0.0,-8.51063829787235,48.87707925434771,46.31578947368421,51.42857142857144,48.87820512820513,45.83333333333333,51.92307692307693,48.87595343235648,46.808510638297875,50.943396226415096
20700.0,54.0,-4.0253279059249305,0.0,-39.3939393939394,47.987336047037545,30.303030303030305,65.67164179104478,47.987336047037545,30.303030303030305,65.67164179104478,47.987336047037545,30.303030303030305,65.67164179104478
20800.0,43.0,-22.950819672131146,0.0,-54.054054054054056,38.52160879171447,21.91780821917808,55.118110236220474,38.45486111111111,22.22222222222222,54.6875,38.58858858858859,21.62162162162162,55.55555555555556
20900.0,57.99999999999999,10.865874363327656,0.0,-10.526315789473694,55.43293718166383,44.73684210526316,66.12903225806451,55.43293718166383,44.73684210526316,66.12903225806451,55.43293718166383,44.73684210526316,66.12903225806451
21000.0,56.00000000000001,11.858974358974365,0.0,6.382978723404261,55.92948717948718,54.166666666666664,57.692307692307686,55.92948717948718,54.166666666666664,57.692307692307686,55.92948717948718,54.166666666666664,57.692307692307686
21100.0,55.00000000000001,9.927942353883124,0.0,4.255319148936175,54.9649665941556,53.608247422680414,56.310679611650485,54.961984793917566,53.06122448979592,56.86274509803921,54.96794871794872,54.166666666666664,55.769230769230774
21200.0,55.00000000000001,5.8577405857740645,0.0,-12.499999999999984,52.92953659170138,43.037974683544306,62.8099173553719,52.94241277847836,43.58974358974359,62.295081967213115,52.916666666666664,42.5,63.33333333333333
21300.0,51.0,-1.6597510373443998,0.0,-22.499999999999993,49.16993915105741,39.50617283950618,58.82352941176471,49.17321207110376,39.02439024390244,59.32203389830508,49.16666666666667,40.0,58.333333333333336
21400.0,59.0,7.98922800718132,0.0,-20.58823529411767,53.99571368234179,38.805970149253724,69.17293233082708,54.02532790592491,39.39393939393939,68.65671641791045,53.96613190730838,38.23529411764706,69.6969696969697
21500.0,57.99999999999999,12.49999999999999,0.0,-5.000000000000004,56.25,47.5,65.0,56.25,47.5,65.0,56.25,47.5,65.0
21600.0,53.0,1.6736401673640184,0.0,-20.5128205128205,50.837011083205,40.50632911392405,61.15702479338844,50.83333333333333,40.0,61.66666666666667,50.84068936527952,41.02564102564102,60.65573770491803
21700.0,51.0,-2.5104602510460277,0.0,-22.499999999999993,48.74448235160962,37.97468354430381,59.50413223140496,48.738965952080704,38.46153846153847,59.01639344262295,48.75,37.5,60.0
21800.0,53.0,-8.897126969416123,0.0,-51.61290322580642,45.55004641264235,25.396825396825395,65.69343065693431,45.588235294117645,25.0,66.17647058823529,45.51192145862552,25.806451612903224,65.21739130434783
21900.0,62.0,22.889610389610375,0.0,13.636363636363624,61.4448051948052,56.81818181818182,66.07142857142857,61.4448051948052,56.81818181818182,66.07142857142857,61.4448051948052,56.81818181818182,66.07142857142857
22000.0,60.0,9.543193125282658,0.0,-21.212121212121236,54.77159656264134,39.39393939393939,70.1492537313433,54.77159656264134,39.39393939393939,70.1492537313433,54.77159656264134,39.39393939393939,70.1492537313433
22100.0,43.0,-5.947955390334577,-3.636363636363639,-26.666666666666682,44.49020213459624,57.14285714285715,14.92537313432836,42.42424242424242,43.18181818181818,41.66666666666667,46.76767676767677,84.44444444444444,9.090909090909092
22200.0,55.00000000000001,-8.173076923076932,11.764705882352951,-18.421052631578934,44.810621590084835,15.09433962264151,69.38775510204081,43.333333333333336,26.666666666666668,60.0,46.39219015280136,10.526315789473683,82.25806451612904
22300.0,55.00000000000001,-5.932203389830482,4.255319148936175,-7.142857142857122,35.483870967741936,,70.96774193548387,28.350515463917525,0.0,56.70103092783505,47.41379310344828,0.0,94.82758620689656
22400.0,61.0,0.0,23.52941176470588,0.0,,,75.77639751552795,,,61.0,50.0,0.0,100.0
22500.0,65.0,9.326424870466303,22.222222222222218,0.0,56.14668102539051,25.53191489361702,77.12418300653594,58.52272727272727,50.0,67.04545454545455,53.956043956043956,17.142857142857142,90.76923076923077
22600.0,56.99999999999999,14.137380191693286,0.0,25.86206896551723,57.104210490235786,55.670103092783506,58.25242718446603,57.12560386473431,58.69565217391305,55.55555555555556,57.08283313325331,52.94117647058824,61.224489795918366
22700.0,56.00000000000001,0.0,18.518518518518523,4.347826086956526,,,71.7948717948718,,,56.00000000000001,50.0,0.0,100.0
22800.0,61.0,0.0,32.758620689655174,0.0,,,75.77639751552795,,,61.0,50.0,0.0,100.0
22900.0,63.0,0.0,26.0,0.0,,,77.30061349693253,,,63.0,50.0,0.0,100.0
23000.0,55.00000000000001,0.0,10.000000000000009,0.0,,,70.96774193548387,,,55.00000000000001,50.0,0.0,100.0
23100.0,59.0,0.0,16.32653061224489,0.0,,,74.21383647798743,,,59.0,50.0,0.0,100.0
23200.0,72.0,0.0,26.315789473684205,0.0,,,83.72093023255813,,,72.0,50.0,0.0,100.0
23300.0,64.0,0.0,16.27906976744187,0.0,,,78.04878048780488,,,64.0,50.0,0.0,100.0
23400.0,62.0,0.0,20.83333333333333,0.0,,,76.5432098765432,,,62.0,50.0,0.0,100.0
23500.0,59.0,0.0,2.3809523809523827,0.0,,,74.21383647798743,,,59.0,50.0,0.0,100.0
23600.0,56.99999999999999,0.0,32.81249999999999,0.0,,,72.61146496815287,,,56.99999999999999,50.0,0.0,100.0
23700.0,61.0,0.0,25.0,0.0,,,75.77639751552795,,,61.0,50.0,0.0,100.0
23800.0,60.0,0.0,31.034482758620683,0.0,,,74.99999999999999,,,60.0,50.0,0.0,100.0
23900.0,63.0,0.0,11.904761904761914,0.0,,,77.30061349693253,,,63.0,50.0,0.0,100.0
24000.0,59.0,0.0,12.765957446808498,0.0,,,74.21383647798743,,,59.0,50.0,0.0,100.0
24100.0,55.00000000000001,0.0,6.250000000000005,0.0,,,70.96774193548387,,,55.00000000000001,50.0,0.0,100.0
24200.0,56.00000000000001,0.0,21.428571428571434,0.0,,,71.7948717948718,,,56.00000000000001,50.0,0.0,100.0
24300.0,60.0,0.0,6.976744186046517,0.0,,,74.99999999999999,,,60.0,50.0,0.0,100.0
24400.0,63.0,0.0,13.953488372093034,0.0,,,77.30061349693253,,,63.0,50.0,0.0,100.0
24500.0,55.00000000000001,0.0,-7.142857142857122,0.0,,,70.96774193548387,,,55.00000000000001,50.0,0.0,100.0
24600.0,47.0,0.0,3.636363636363629,-26.190476190476186,,,63.94557823129251,,,47.0,50.0,0.0,100.0
24700.0,53.0,0.0,-4.444444444444449,6.000000000000005,,,69.28104575163398,,,53.0,50.0,0.0,100.0
24800.0,59.0,0.0,32.78688524590163,0.0,,,74.21383647798743,,,59.0,50.0,0.0,100.0
24900.0,59.0,0.0,4.651162790697678,0.0,,,74.21383647798743,,,59.0,50.0,0.0,100.0
25000.0,65.0,0.0,18.604651162790713,0.0,,,78.7878787878788,,,65.0,50.0,0.0,100.0
25100.0,55.00000000000001,0.0,10.000000000000009,0.0,,,70.96774193548387,,,55.00000000000001,50.0,0.0,100.0
25200.0,61.0,0.0,11.363636363636349,0.0,,,75.77639751552795,,,61.0,50.0,0.0,100.0
25300.0,56.00000000000001,0.0,4.347826086956526,0.0,,,71.7948717948718,,,56.00000000000001,50.0,0.0,100.0
25400.0,55.00000000000001,0.0,6.250000000000005,0.0,,,70.96774193548387,,,55.00000000000001,50.0,0.0,100.0
25500.0,50.0,-7.991360691144717,7.407407407407403,-11.111111111111121,43.93004741104852,13.793103448275861,64.78873239436619,41.82139699381079,30.76923076923077,52.87356321839081,46.26262626262626,8.88888888888889,83.63636363636363
25600.0,47.0,-5.409705648369132,-1.9230769230769247,-26.190476190476186,47.250618373030285,49.52380952380952,44.21052631578947,47.22562219502244,45.614035087719294,48.837209302325576,47.27564102564102,54.166666666666664,40.38461538461539
25700.0,56.00000000000001,-1.9935095039406183,-4.76190476190474,-4.76190476190474,35.89743589743589,,71.79487179487178,28.28282828282828,0.0,56.56565656565656,49.122807017543856,0.0,98.24561403508771
25800.0,59.0,-1.6865079365079156,10.86956521739129,-5.128205128205133,48.10814995451819,8.88888888888889,73.54838709677419,46.98581560283688,33.33333333333333,60.63829787234043,49.2854140395124,5.128205128205128,93.44262295081968
25900.0,39.0,-19.140625000000007,-24.489795918367346,-32.60869565217392,39.678650300046044,45.04504504504504,31.46067415730337,39.23076923076923,38.46153846153847,40.0,40.13687600644123,54.347826086956516,25.925925925925924
26000.0,60.0,13.79310344827585,16.66666666666666,0.0,57.007738607050726,44.44444444444445,68.75,57.35294117647059,50.0,64.70588235294117,56.666666666666664,40.0,73.33333333333333
26100.0,54.0,0.0,17.85714285714286,0.0,,,70.12987012987013,,,54.0,50.0,0.0,100.0
26200.0,50.0,-3.648424543946945,-4.1666666666666705,-8.695652173913052,48.02218163794165,32.43243243243243,60.31746031746032,47.817460317460316,42.857142857142854,52.77777777777778,48.22866344605475,26.08695652173913,70.37037037037037
26300.0,50.0,-5.70824524312897,-2.040816326530614,-11.111111111111121,46.724372775605254,26.47058823529412,62.121212121212125,46.18859401468097,39.130434782608695,53.246753246753244,47.27272727272728,20.0,74.54545454545455
26400.0,56.99999999999999,-8.366935483870968,20.370370370370356,-13.157894736842115,41.35534487122082,4.444444444444445,72.25806451612904,37.25038402457758,14.285714285714285,60.215053763440864,46.47707979626485,2.631578947368421,90.32258064516128
26500.0,55.00000000000001,-4.651162790697679,19.64285714285715,-12.499999999999984,46.979574098218166,18.181818181818183,68.96551724137932,46.07843137254902,33.33333333333333,58.82352941176471,47.91666666666667,12.5,83.33333333333334
26600.0,56.00000000000001,11.540008041817453,12.00000000000001,10.204081632653072,55.94846120307307,48.837209302325576,61.40350877192983,56.15615615615616,56.75675675675676,55.55555555555556,55.74229691876751,42.857142857142854,68.62745098039215
26700.0,56.00000000000001,11.147011308562202,0.0,12.00000000000001,55.57809330628803,51.11111111111111,60.0,55.60064935064935,52.27272727272727,58.92857142857143,55.55555555555556,50.0,61.111111111111114
26800.0,47.0,-7.5487012987013005,8.620689655172411,-17.777777777777796,46.20568262919523,39.08045977011494,53.09734513274337,46.15543613063249,41.46341463414634,50.847457627118644,46.256038647343,36.95652173913043,55.55555555555556
26900.0,49.0,-8.69565217391303,1.9230769230769247,-18.604651162790688,45.3850135835216,28.169014084507044,60.46511627906976,44.94047619047619,35.714285714285715,54.166666666666664,45.83843329253366,23.25581395348837,68.42105263157895
27000.0,54.0,-5.118829981718459,-9.523809523809506,-21.05263157894736,47.27391574852139,25.80645161290323,66.66666666666666,46.92982456140351,33.33333333333333,60.526315789473685,47.62308998302207,21.052631578947366,74.19354838709677
27100.0,59.0,13.647851727042958,16.32653061224489,6.8181818181818,57.213979361712894,43.83561643835616,67.71653543307087,57.86789703739679,55.172413793103445,60.56338028169014,56.574675324675326,36.36363636363637,76.78571428571429
27200.0,55.00000000000001,0.9683098591549452,0.0,-36.36363636363637,50.490564910612825,34.78260869565217,65.64885496183207,50.514258999532494,38.70967741935484,62.31884057971014,50.46689303904923,31.57894736842105,69.35483870967742
27300.0,56.00000000000001,-10.663983903420522,0.0,-29.411764705882348,44.01307275558772,15.384615384615383,70.27027027027027,42.81842818428184,22.22222222222222,63.41463414634146,45.27629233511586,11.76470588235294,78.78787878787878
27400.0,46.0,-11.340206185567009,5.263157894736846,-20.000000000000007,44.1988950276243,32.5,54.99999999999999,43.956043956043956,37.142857142857146,50.76923076923077,44.44444444444444,28.888888888888886,60.0
27500.0,50.0,-21.065375302663462,12.280701754385964,-42.85714285714287,38.58314659868841,10.714285714285714,65.27777777777777,36.88969258589512,14.285714285714285,59.49367088607595,40.43956043956044,8.571428571428571,72.3076923076923
27600.0,54.0,3.4019319613607713,4.1666666666666705,-6.97674418604649,51.741913119395036,39.473684210526315,62.903225806451616,51.83175033921302,45.45454545454545,58.2089552238806,51.65238678090576,34.883720930232556,68.42105263157895
27700.0,44.0,-13.085621970920847,-5.66037735849056,-21.739130434782616,43.45177664974619,37.77777777777778,49.09090909090909,43.425324675324674,38.63636363636363,48.214285714285715,43.47826086956522,36.95652173913043,50.0
27800.0,56.00000000000001,4.347826086956526,20.000000000000007,-9.99999999999998,52.23171889838557,37.142857142857146,66.15384615384615,52.38095238095239,43.333333333333336,61.42857142857143,52.083333333333336,32.5,71.66666666666667
27900.0,55.00000000000001,2.5974025974026,10.000000000000009,-12.499999999999984,51.32614895906272,36.61971830985916,65.11627906976743,51.40252454417953,41.935483870967744,60.86956521739131,51.24999999999999,32.5,70.0
28000.0,55.00000000000001,-1.994560290117842,10.000000000000009,-24.999999999999993,48.98826364311148,30.76923076923077,66.66666666666667,48.93152015541526,34.48275862068966,63.38028169014085,49.04513888888889,27.77777777777778,70.3125
28100.0,52.0,-7.86516853932585,9.433962264150951,-23.076923076923066,45.82232658252617,25.0,64.70588235294117,45.333333333333336,32.0,58.666666666666664,46.321984026902065,20.51282051282051,72.1311475409836
28200.0,54.0,7.963185274109655,-4.545454545454549,2.1276595744680873,53.98159263705482,53.06122448979592,54.90196078431373,53.98159263705482,53.06122448979592,54.90196078431373,53.98159263705482,53.06122448979592,54.90196078431373
28300.0,50.0,-0.28078620136381,3.8461538461538494,1.960784313725492,49.858572522268524,45.65217391304348,53.70370370370371,49.85720114239086,48.837209302325576,50.877192982456144,49.85994397759104,42.857142857142854,56.86274509803921
28400.0,50.0,-6.8376068376068435,9.090909090909088,-13.63636363636365,46.55051375327079,32.43243243243243,60.31746031746032,46.4349376114082,35.294117647058826,57.57575757575758,46.666666666666664,30.0,63.33333333333333
28500.0,50.0,-2.965403624382201,5.660377358490571,-13.63636363636365,48.5054506092693,39.02439024390244,57.627118644067785,48.47198641765704,42.10526315789473,54.83870967741935,48.538961038961034,36.36363636363637,60.71428571428571
28600.0,60.0,7.192575406032488,9.090909090909074,-14.285714285714299,53.668017843007284,35.48387096774193,71.01449275362319,53.93201420598681,40.74074074074074,67.12328767123287,53.40659340659341,31.428571428571427,75.38461538461539
28700.0,46.0,-21.896162528216685,-5.882352941176465,-54.28571428571429,38.99884873663994,18.18181818181818,59.70149253731344,38.66292660121552,19.35483870967742,57.971014492753625,39.34065934065934,17.142857142857142,61.53846153846154
28800.0,57.99999999999999,14.355628058727552,-5.000000000000004,4.5454545454545245,57.183878576556246,51.162790697674424,63.15789473684211,57.22495894909688,52.38095238095239,62.06896551724138,57.14285714285714,50.0,64.28571428571429
28900.0,51.0,-3.2013479359730397,-11.363636363636376,-22.499999999999993,48.389866927504436,36.36363636363637,60.162601626016254,48.35069444444444,38.88888888888889,57.8125,48.42910293509715,34.146341463414636,62.71186440677966
29000.0,50.0,-5.70824524312897,-2.040816326530614,-21.951219512195113,47.121113377731675,34.21052631578947,59.67741935483871,47.03296703296703,37.142857142857146,56.92307692307692,47.20959073997519,31.70731707317073,62.71186440677966
29100.0,54.0,7.220653489310217,8.000000000000007,2.1276595744680873,53.622236646176155,48.888888888888886,58.18181818181818,53.6515707874337,51.162790697674424,56.14035087719298,53.59293456443195,46.808510638297875,60.37735849056604
29200.0,48.0,-7.304993809327278,0.0,-20.930232558139526,46.33452478905238,36.585365853658544,55.93220338983051,46.27994955863809,38.46153846153847,54.09836065573771,46.38922888616891,34.883720930232556,57.89473684210527
29300.0,48.0,-10.309715740347894,-10.638297872340436,-33.33333333333333,44.84016678248784,31.57894736842105,58.06451612903226,44.78764478764479,32.432432432432435,57.14285714285714,44.89281210592686,30.76923076923077,59.01639344262295
29400.0,54.0,7.889467360832998,2.1276595744680873,-2.2222222222222245,53.947905196199706,52.083333333333336,55.76923076923078,53.95423524688881,53.191489361702125,54.71698113207547,53.941576630652264,51.02040816326531,56.86274509803921
29500.0,45.0,-10.797743755036269,1.785714285714287,-22.222222222222232,44.591141817081706,39.56043956043956,49.54128440366973,44.561688311688314,40.909090909090914,48.214285714285715,44.620634283420316,38.297872340425535,50.943396226415096
29600.0,63.0,12.818096135721019,9.756097560975617,-15.625000000000016,56.42701525054466,39.344262295081975,73.38129496402878,56.60514813016027,41.37931034482759,71.83098591549296,56.25,37.5,75.0
29700.0,62.0,20.866305705955845,5.000000000000004,7.317073170731714,60.44245116218897,52.5,68.33333333333333,60.5296343001261,53.84615384615385,67.21311475409836,60.35551880942538,51.21951219512195,69.49152542372882
29800.0,47.0,-6.854838709677426,1.851851851851843,-17.777777777777796,46.57187737115125,41.75824175824176,51.37614678899083,46.5780998389694,41.30434782608695,51.85185185185185,46.56565656565657,42.22222222222222,50.90909090909091
29900.0,39.0,-24.795417348608805,1.6129032258064528,-48.780487804878035,37.59959909797044,28.235294117647058,46.95652173913044,37.5615763546798,28.57142857142857,46.55172413793103,37.637698898408814,27.906976744186046,47.368421052631575
30000.0,40.0,-22.199592668024437,-7.142857142857138,-46.341463414634134,38.8620388059509,30.23255813953488,47.36842105263158,38.98989898989898,28.888888888888886,49.09090909090909,38.735014468788755,31.70731707317073,45.76271186440678
30100.0,48.0,-8.15307820299501,7.142857142857138,-23.809523809523803,45.908607863974495,35.0,56.66666666666666,45.840407470288625,36.84210526315789,54.83870967741935,45.97701149425287,33.33333333333333,58.620689655172406
30200.0,50.0,-7.204116638078893,3.8461538461538494,-31.57894736842105,46.394365928735475,32.43243243243243,60.317460317460316,46.354166666666664,33.33333333333333,59.375,46.434634974533104,31.57894736842105,61.29032258064516
30300.0,47.0,-6.000000000000005,0.0,-10.416666666666677,46.999399752238155,47.524752475247524,46.464646464646464,47.0,48.0,46.0,46.99879951980792,47.05882352941176,46.93877551020408
30400.0,59.0,15.56836902800659,0.0,12.765957446808498,57.78587044671738,50.602409638554214,64.95726495726495,57.758620689655174,50.0,65.51724137931035,57.81314592806945,51.21951219512195,64.40677966101694
30500.0,66.0,15.716410510659399,2.85714285714286,-17.241379310344804,57.86924712649062,39.285714285714285,76.38888888888889,58.0416032470827,40.74074074074074,75.34246575342466,57.69791160757649,37.93103448275862,77.46478873239437
30600.0,45.0,-11.879576891781927,0.0,-27.90697674418603,44.05895588493395,36.7816091954023,51.32743362831859,44.074675324675326,36.36363636363637,51.78571428571429,44.04324765401877,37.2093023255814,50.877192982456144
30700.0,50.0,-1.999184006527931,0.0,-16.279069767441847,49.00040799673603,41.86046511627907,56.14035087719298,49.00040799673603,41.86046511627907,56.14035087719298,49.00040799673603,41.86046511627907,56.14035087719298
30800.0,56.99999999999999,12.029459901800339,0.0,0.0,56.01601130209558,49.41176470588235,62.60869565217391,56.03448275862068,50.0,62.06896551724138,55.99755201958384,48.837209302325576,63.1578947368421
30900.0,45.0,-12.520458265139087,0.0,-30.95238095238094,43.73842243570413,35.294117647058826,52.17391304347826,43.75764993880049,34.883720930232556,52.63157894736842,43.7192118226601,35.714285714285715,51.724137931034484
31000.0,59.0,17.999999999999993,0.0,16.32653061224489,59.00180066533059,59.405940594059416,58.585858585858574,59.0,60.0,57.99999999999999,59.00360144057623,58.82352941176471,59.183673469387756
31100.0,55.00000000000001,7.331136738056028,0.0,10.000000000000009,53.666365259560855,45.78313253012048,61.53846153846154,53.65353037766831,45.23809523809524,62.06896551724138,53.679206283588265,46.34146341463415,61.016949152542374
31200.0,56.00000000000001,6.621392190152803,0.0,-15.789473684210511,53.310696095076395,42.10526315789473,64.51612903225806,53.310696095076395,42.10526315789473,64.51612903225806,53.310696095076395,42.10526315789473,64.51612903225806
31300.0,48.0,-4.041616646658663,0.0,-1.960784313725492,47.979191676670666,49.01960784313725,46.93877551020408,47.979191676670666,49.01960784313725,46.93877551020408,47.979191676670666,49.01960784313725,46.93877551020408
31400.0,55.00000000000001,4.983108108108122,0.0,-32.35294117647059,52.49213626319169,41.55844155844156,63.41463414634146,52.50424448217317,42.10526315789473,62.903225806451616,52.480033627574606,41.02564102564102,63.934426229508205
31500.0,55.00000000000001,5.8577405857740645,0.0,-15.384615384615369,52.92953659170138,43.037974683544306,62.8099173553719,52.916666666666664,42.5,63.33333333333333,52.94241277847836,43.58974358974359,62.295081967213115
31600.0,50.0,-9.8901098901099,0.0,-42.85714285714287,45.05494505494506,28.57142857142857,61.53846153846154,45.05494505494506,28.57142857142857,61.53846153846154,45.05494505494506,28.57142857142857,61.53846153846154
31700.0,50.0,-1.0101010101010337,0.0,-11.111111111111121,49.494949494949495,44.44444444444444,54.54545454545454,49.494949494949495,44.44444444444444,54.54545454545454,49.494949494949495,44.44444444444444,54.54545454545454
31800.0,53.0,5.773857257417812,0.0,-11.904761904761887,52.88751026366209,50.526315789473685,55.238095238095255,52.89040545965476,51.06382978723404,54.71698113207547,52.88461538461539,50.0,55.769230769230774
31900.0,47.0,-6.5112540192926005,0.0,-29.268292682926827,46.74371169724663,50.467289719626166,43.01075268817204,46.7391304347826,50.0,43.47826086956522,46.7482938578884,50.943396226415096,42.5531914893617
32000.0,48.0,-4.669887278582953,0.0,-15.55555555555557,47.66505636070853,43.47826086956522,51.85185185185185,47.66505636070853,43.47826086956522,51.85185185185185,47.66505636070853,43.47826086956522,51.85185185185185
32100.0,49.0,-5.809128630705399,0.0,-27.499999999999996,47.094785005129594,37.03703703703704,57.14285714285714,47.083333333333336,37.5,56.666666666666664,47.10624224886317,36.58536585365854,57.6271186440678
32200.0,48.0,-8.333333333333341,0.0,-30.0,45.83333333333333,35.0,56.666666666666664,45.83333333333333,35.0,56.666666666666664,45.83333333333333,35.0,56.666666666666664
32300.0,45.0,-9.999999999999998,-9.999999999999998,-34.14634146341462,44.916131704286606,39.56043956043956,49.54128440366973,45.0,36.0,54.0,44.832575444398515,43.90243902439025,45.76271186440678
32400.0,53.0,5.241935483870972,2.0833333333333353,-2.173913043478263,52.621504473948775,48.35164835164835,56.88073394495413,52.62626262626262,48.888888888888886,56.36363636363636,52.61674718196458,47.82608695652174,57.407407407407405
32500.0,49.0,-5.809128630705399,0.0,-30.769230769230766,47.094785005129594,37.03703703703704,57.14285714285714,47.10624224886317,36.58536585365854,57.6271186440678,47.083333333333336,37.5,56.666666666666664
32600.0,52.0,3.9615846338535494,0.0,2.040816326530614,51.980792316926774,51.02040816326531,52.94117647058824,51.980792316926774,51.02040816326531,52.94117647058824,51.980792316926774,51.02040816326531,52.94117647058824
32700.0,45.0,-9.999999999999998,0.0,-17.021276595744688,44.99899957759943,44.44444444444445,45.54455445544555,44.997999199679874,44.89795918367347,45.09803921568628,45.0,44.0,46.0
32800.0,46.0,-8.477300120530325,8.474576271186447,-14.893617021276597,45.671589240901184,38.63636363636364,51.78571428571428,45.77831132452981,34.69387755102041,56.86274509803921,45.56536359815048,43.58974358974359,47.540983606557376
32900.0,55.00000000000001,4.983108108108122,0.0,-15.384615384615369,52.49213626319169,41.55844155844156,63.41463414634146,52.50424448217317,42.10526315789473,62.903225806451616,52.480033627574606,41.02564102564102,63.934426229508205
33000.0,44.0,-14.239086087311282,0.0,-30.23255813953487,42.88045695634435,34.883720930232556,50.877192982456144,42.88045695634435,34.883720930232556,50.877192982456144,42.88045695634435,34.883720930232556,50.877192982456144
33100.0,63.0,24.30441898527007,0.0,11.904761904761914,62.15478824991663,56.470588235294116,67.82608695652173,62.11750305997552,55.81395348837209,68.42105263157895,62.19211822660098,57.14285714285714,67.24137931034483
33200.0,57.99999999999999,14.772727272727249,0.0,4.5454545454545245,57.38636363636363,52.27272727272727,62.5,57.38636363636363,52.27272727272727,62.5,57.38636363636363,52.27272727272727,62.5
33300.0,48.0,-9.289617486338802,0.0,-33.33333333333333,45.355191256830594,33.33333333333333,57.377049180327866,45.355191256830594,33.33333333333333,57.377049180327866,45.355191256830594,33.33333333333333,57.377049180327866
33400.0,55.00000000000001,9.565916398713844,0.0,4.255319148936175,54.78392824192449,51.61290322580645,57.943925233644855,54.790660225442835,52.17391304347826,57.407407407407405,54.777197912484944,51.06382978723404,58.490566037735846
33500.0,50.0,-0.04001600640255661,0.0,-8.695652173913052,49.97999199679872,50.98039215686274,48.97959183673469,49.97999199679872,50.98039215686274,48.97959183673469,49.97999199679872,50.98039215686274,48.97959183673469
33600.0,48.0,-4.041616646658663,0.0,0.0,47.979191676670666,46.93877551020408,49.01960784313725,47.979191676670666,46.93877551020408,49.01960784313725,47.979191676670666,46.93877551020408,49.01960784313725
33700.0,57.99999999999999,10.865874363327656,0.0,4.5454545454545245,55.43293718166383,44.73684210526316,66.12903225806451,55.43293718166383,44.73684210526316,66.12903225806451,55.43293718166383,44.73684210526316,66.12903225806451
33800.0,59.0,14.225941422594133,0.0,-5.128205128205133,57.11457935642736,48.10126582278481,66.11570247933884,57.08333333333333,47.5,66.66666666666666,57.145859604875994,48.717948717948715,65.57377049180327
33900.0,53.0,0.7601351351351452,0.0,-20.5128205128205,50.38015673729744,38.961038961038966,61.788617886178855,50.38200339558574,39.473684210526315,61.29032258064516,50.37831021437579,38.46153846153847,62.295081967213115
34000.0,49.0,-18.16496756255793,0.0,-64.51612903225804,40.91459501922428,19.047619047619047,62.77372262773723,40.99264705882353,18.75,63.23529411764706,40.83683964469378,19.35483870967742,62.31884057971014
34100.0,56.00000000000001,-2.851799906498335,0.0,-41.9354838709677,48.57410004675082,29.03225806451613,68.11594202898551,48.57410004675082,29.03225806451613,68.11594202898551,48.57410004675082,29.03225806451613,68.11594202898551
34200.0,44.0,-17.69651113913409,0.0,-43.589743589743584,41.151744430432956,28.205128205128204,54.09836065573771,41.151744430432956,28.205128205128204,54.09836065573771,41.151744430432956,28.205128205128204,54.09836065573771
34300.0,46.0,-9.577922077922095,0.0,-22.727272727272737,45.211038961038966,38.63636363636363,51.78571428571429,45.211038961038966,38.63636363636363,51.78571428571429,45.211038961038966,38.63636363636363,51.78571428571429
34400.0,48.0,-6.7323481116584425,0.0,-23.809523809523803,46.63382594417077,38.095238095238095,55.172413793103445,46.63382594417077,38.095238095238095,55.172413793103445,46.63382594417077,38.095238095238095,55.172413793103445
34500.0,57.99999999999999,11.727616645649425,0.0,-7.692307692307699,55.86380832282472,46.15384615384615,65.57377049180327,55.86380832282472,46.15384615384615,65.57377049180327,55.86380832282472,46.15384615384615,65.57377049180327
34600.0,53.0,-0.25597269624572927,0.0,-23.68421052631578,49.871982693703195,37.333333333333336,62.40000000000001,49.871299871299875,37.83783783783784,61.904761904761905,49.87266553480475,36.84210526315789,62.903225806451616
34700.0,54.0,8.000000000000007,0.0,16.363636363636367,54.0,54.0,54.0,54.0,54.0,54.0,54.0,54.0,54.0
34800.0,46.0,-10.837438423645299,0.0,-38.46153846153845,44.58128078817733,35.714285714285715,53.44827586206896,44.58128078817734,35.714285714285715,53.44827586206896,44.58128078817734,35.714285714285715,53.44827586206896
34900.0,47.0,-7.287449392712557,0.0,-23.255813953488364,46.3555180592477,40.449438202247194,52.25225225225225,46.36363636363636,40.0,52.72727272727272,46.3474025974026,40.909090909090914,51.78571428571429
35000.0,43.0,-14.274258219727344,0.0,-18.750000000000007,42.861431372365075,40.0,45.714285714285715,42.85427539140907,40.42553191489361,45.28301886792453,42.868589743589745,39.58333333333333,46.15384615384615
35100.0,50.0,-9.8901098901099,0.0,-42.85714285714287,45.05494505494506,28.57142857142857,61.53846153846154,45.05494505494506,28.57142857142857,61.53846153846154,45.05494505494506,28.57142857142857,61.53846153846154
35200.0,56.99999999999999,8.27645051194538,0.0,-16.21621621621623,54.139216931038966,42.66666666666667,65.60000000000001,54.11714770797962,42.10526315789473,66.12903225806451,54.16130416130416,43.24324324324324,65.07936507936508
35300.0,53.0,5.773857257417812,0.0,2.0833333333333353,52.88751026366209,50.526315789473685,55.238095238095255,52.89040545965476,51.06382978723404,54.71698113207547,52.88461538461539,50.0,55.769230769230774
35400.0,56.99999999999999,12.530512611879574,0.0,-16.21621621621623,56.266569984817934,50.57471264367817,61.94690265486725,56.25,50.0,62.5,56.28314973480213,51.162790697674424,61.40350877192983
35500.0,57.99999999999999,14.32068543451653,0.0,2.325581395348839,57.16034271725826,51.162790697674424,63.1578947368421,57.16034271725826,51.162790697674424,63.1578947368421,57.16034271725826,51.162790697674424,63.1578947368421
35600.0,46.0,-9.090909090909111,0.0,-22.727272727272737,45.45454545454545,40.00000000000001,50.90909090909091,45.45454545454545,40.0,50.90909090909091,45.45454545454545,40.0,50.90909090909091
35700.0,44.0,-14.942528735632166,0.0,-33.33333333333332,42.52873563218391,33.33333333333333,51.724137931034484,42.52873563218391,33.33333333333333,51.724137931034484,42.52873563218391,33.33333333333333,51.724137931034484
35800.0,55.00000000000001,7.331136738056028,0.0,-7.142857142857122,53.666365259560855,45.78313253012048,61.53846153846154,53.679206283588265,46.34146341463415,61.016949152542374,53.65353037766831,45.23809523809524,62.06896551724138
35900.0,59.0,6.56335460346398,0.0,-28.12500000000003,53.28262141603277,36.92307692307692,69.62962962962963,53.256445047489834,36.36363636363637,70.1492537313433,53.30882352941176,37.5,69.11764705882352
36000.0,55.00000000000001,7.331136738056028,0.0,-7.142857142857122,53.666365259560855,45.78313253012048,61.53846153846154,53.679206283588265,46.34146341463415,61.016949152542374,53.65353037766831,45.23809523809524,62.06896551724138
36100.0,48.0,-4.041616646658663,0.0,-15.55555555555557,47.979191676670666,49.01960784313725,46.93877551020408,47.979191676670666,49.01960784313725,46.93877551020408,47.979191676670666,49.01960784313725,46.93877551020408
36200.0,54.0,7.852564102564105,0.0,2.1276595744680873,53.92628205128205,55.769230769230774,52.083333333333336,53.92628205128205,55.769230769230774,52.083333333333336,53.92628205128205,55.769230769230774,52.083333333333336
36300.0,56.99999999999999,13.793103448275856,0.0,4.444444444444424,56.89794072336155,54.736842105263165,59.04761904761905,56.891025641025635,54.166666666666664,59.61538461538461,56.904857486953034,55.319148936170215,58.490566037735846
36400.0,48.0,-6.079151366789052,0.0,-23.809523809523803,46.96042431660546,39.53488372093023,54.385964912280706,46.96042431660546,39.53488372093023,54.385964912280706,46.96042431660546,39.53488372093023,54.385964912280706
36500.0,54.0,6.16075071399431,0.0,-6.97674418604649,53.080375356997145,46.51162790697674,59.64912280701754,53.080375356997145,46.51162790697674,59.64912280701754,53.080375356997145,46.51162790697674,59.64912280701754
36600.0,44.0,-12.404656764351671,0.0,-19.14893617021277,43.797671617824165,40.42553191489361,47.16981132075472,43.797671617824165,40.42553191489361,47.16981132075472,43.797671617824165,40.42553191489361,47.16981132075472
36700.0,54.0,2.3769100169779267,0.0,-21.05263157894736,51.188455008488965,39.473684210526315,62.903225806451616,51.188455008488965,39.473684210526315,62.903225806451616,51.188455008488965,39.473684210526315,62.903225806451616
36800.0,54.0,-1.0989010989011,0.0,-31.428571428571427,49.45054945054945,34.285714285714285,64.61538461538461,49.45054945054945,34.285714285714285,64.61538461538461,49.45054945054945,34.285714285714285,64.61538461538461
36900.0,42.0,-19.88424968995453,0.0,-41.46341463414633,40.057875155022735,29.268292682926827,50.847457627118644,40.057875155022735,29.268292682926827,50.847457627118644,40.057875155022735,29.268292682926827,50.847457627118644
37000.0,52.0,3.846153846153845,0.0,0.0,51.92307692307692,50.0,53.84615384615385,51.92307692307692,50.0,53.84615384615385,51.92307692307692,50.0,53.84615384615385
37100.0,49.0,-7.685810810810807,0.0,-34.21052631578947,46.15618475237624,33.76623376623377,58.536585365853654,46.13752122241087,34.21052631578947,58.06451612903226,46.174863387978135,33.33333333333333,59.01639344262295
37200.0,50.0,-5.086170659941152,0.0,-28.2051282051282,47.45691467002943,35.8974358974359,59.01639344262295,47.45691467002943,35.8974358974359,59.01639344262295,47.45691467002943,35.8974358974359,59.01639344262295
37300.0,51.0,1.527331189710621,0.0,-6.521739130434789,50.76382058489671,47.31182795698924,54.20560747663552,50.762745885186675,46.808510638297875,54.71698113207547,50.76489533011272,47.82608695652174,53.70370370370371
37400.0,53.0,-1.3805004314063765,0.0,-27.027027027027025,49.30957710653749,35.61643835616438,62.99212598425197,49.30555555555556,36.11111111111111,62.5,49.31359931359931,35.13513513513514,63.49206349206349
37500.0,51.0,1.2096774193548396,0.0,-8.888888888888898,50.60496264635902,46.15384615384615,55.04587155963303,50.60386473429952,45.65217391304348,55.55555555555556,50.60606060606061,46.666666666666664,54.54545454545454
37600.0,56.00000000000001,9.05332782141382,0.0,-9.99999999999998,54.52666391070691,46.34146341463415,62.71186440677966,54.52666391070691,46.34146341463415,62.71186440677966,54.52666391070691,46.34146341463415,62.71186440677966
37700.0,48.0,-6.7323481116584425,0.0,-23.809523809523803,46.63382594417077,38.095238095238095,55.172413793103445,46.63382594417077,38.095238095238095,55.172413793103445,46.63382594417077,38.095238095238095,55.172413793103445
37800.0,45.0,-17.320819112627987,0.0,-44.73684210526315,41.33744459433418,26.666666666666668,55.99999999999999,41.291291291291294,27.027027027027028,55.55555555555556,41.383701188455014,26.31578947368421,56.451612903225815
37900.0,56.00000000000001,5.61990561990562,0.0,-18.918918918918905,52.80995280995281,40.54054054054054,65.07936507936508,52.80995280995281,40.54054054054054,65.07936507936508,52.80995280995281,40.54054054054054,65.07936507936508
38000.0,48.0,-5.050505050505079,0.0,-15.55555555555557,47.47474747474747,42.22222222222222,52.72727272727272,47.47474747474747,42.22222222222222,52.72727272727272,47.47474747474747,42.22222222222222,52.72727272727272
38100.0,43.0,-20.354729729729726,0.0,-50.0,39.820184152969595,25.97402597402597,53.65853658536586,39.86969314838167,25.64102564102564,54.09836065573771,39.77079796264855,26.31578947368421,53.2258064516129
38200.0,64.0,25.0,0.0,10.000000000000009,62.5,55.00000000000001,70.0,62.5,55.00000000000001,70.0,62.5,55.00000000000001,70.0
38300.0,46.0,-10.159118727050162,0.0,-25.581395348837187,44.92044063647491,37.20930232558139,52.63157894736842,44.92044063647491,37.2093023255814,52.63157894736842,44.92044063647491,37.2093023255814,52.63157894736842
38400.0,56.00000000000001,9.05332782141382,0.0,-7.317073170731686,54.52666391070691,46.34146341463415,62.71186440677966,54.52666391070691,46.34146341463415,62.71186440677966,54.52666391070691,46.34146341463415,62.71186440677966
38500.0,59.0,12.542662116040947,0.0,-7.89473684210527,56.27282765650216,45.333333333333336,67.19999999999999,56.30630630630631,45.94594594594595,66.66666666666666,56.239388794567056,44.73684210526316,67.74193548387096
38600.0,51.0,-6.986899563318784,0.0,-40.00000000000001,46.50563659933378,30.98591549295775,62.01550387596899,46.52777777777778,30.555555555555557,62.5,46.48351648351648,31.428571428571427,61.53846153846154
38700.0,47.0,-6.255012028869287,0.0,-10.416666666666677,46.87186349949816,44.21052631578947,49.523809523809526,46.868727418707344,44.680851063829785,49.056603773584904,46.875,43.75,50.0
38800.0,54.0,-1.0989010989011,0.0,-31.428571428571427,49.45054945054945,34.285714285714285,64.61538461538461,49.45054945054945,34.285714285714285,64.61538461538461,49.45054945054945,34.285714285714285,64.61538461538461
38900.0,50.0,-4.1666666666666705,0.0,-24.999999999999993,47.91666666666667,37.5,58.333333333333336,47.91666666666667,37.5,58.333333333333336,47.91666666666667,37.5,58.333333333333336
39000.0,40.0,-21.75324675324677,0.0,-36.363636363636374,39.12337662337663,31.818181818181817,46.42857142857143,39.12337662337663,31.818181818181817,46.42857142857143,39.12337662337663,31.818181818181817,46.42857142857143
39100.0,51.0,1.764234161988779,0.0,-4.255319148936175,50.88229483582914,48.421052631578945,53.333333333333336,50.881410256410255,47.91666666666667,53.84615384615385,50.88317944600562,48.93617021276596,52.83018867924528
39200.0,50.0,-4.1666666666666705,0.0,-38.88888888888889,47.91666666666667,37.5,58.333333333333336,47.91666666666667,37.5,58.333333333333336,47.91666666666667,37.5,58.333333333333336
39300.0,50.0,-5.086170659941152,0.0,-28.2051282051282,47.45691467002943,35.8974358974359,59.01639344262295,47.45691467002943,35.8974358974359,59.01639344262295,47.45691467002943,35.8974358974359,59.01639344262295
39400.0,47.0,-8.428805237315853,0.0,-23.255813953488364,45.78469164254587,37.64705882352941,53.91304347826087,45.77175697865353,38.095238095238095,53.44827586206896,45.79763361893105,37.2093023255814,54.385964912280706
39500.0,46.0,-8.520900321543396,10.0,-38.46153846153845,45.725611907010624,50.0,41.30434782608695,45.69805194805195,48.214285714285715,43.18181818181818,45.75320512820513,51.92307692307693,39.58333333333333
39600.0,52.0,-4.121475054229939,-11.62790697674417,-17.073170731707304,47.937154815665664,33.333333333333336,62.5,47.962247962247964,32.432432432432435,63.49206349206349,47.91208791208791,34.285714285714285,61.53846153846154
39700.0,48.0,-5.519480519480544,0.0,-18.181818181818198,47.24025974025974,40.909090909090914,53.57142857142857,47.24025974025974,40.909090909090914,53.57142857142857,47.24025974025974,40.909090909090914,53.57142857142857
39800.0,56.00000000000001,4.513888888888898,0.0,-22.222222222222214,52.25694444444444,38.88888888888889,65.625,52.25694444444444,38.88888888888889,65.625,52.25694444444444,38.88888888888889,65.625
39900.0,57.99999999999999,15.69650742673624,0.0,10.638297872340411,57.84825371336812,55.319148936170215,60.37735849056604,57.84825371336812,55.319148936170215,60.37735849056604,57.84825371336812,55.319148936170215,60.37735849056604
40000.0,45.0,-10.264635124298309,0.0,-17.021276595744688,44.86664754803556,47.61904761904762,42.10526315789473,44.871794871794876,48.07692307692308,41.66666666666667,44.86150140505821,47.16981132075472,42.5531914893617
40100.0,51.0,-0.906095551894555,0.0,-13.953488372093009,49.546853301580555,40.96385542168674,58.119658119658126,49.54844006568144,40.476190476190474,58.620689655172406,49.54526663910707,41.46341463414634,57.6271186440678
40200.0,52.0,3.030303030303011,0.0,-9.090909090909099,51.515151515151516,46.666666666666664,56.36363636363636,51.515151515151516,46.666666666666664,56.36363636363636,51.515151515151516,46.666666666666664,56.36363636363636
40300.0,47.0,-10.878661087866119,0.0,-32.5,44.559413402825676,32.911392405063296,56.19834710743801,44.53551912568305,33.33333333333333,55.73770491803278,44.58333333333333,32.5,56.666666666666664
40400.0,48.0,-10.356536502546703,0.0,-36.8421052631579,44.821731748726656,31.57894736842105,58.06451612903226,44.821731748726656,31.57894736842105,58.06451612903226,44.821731748726656,31.57894736842105,58.06451612903226
40500.0,49.0,-4.3371522094926105,0.0,-21.42857142857142,47.830958790186685,40.0,55.65217391304348,47.837617299061606,39.53488372093023,56.14035087719298,47.82430213464696,40.476190476190474,55.172413793103445
40600.0,54.0,4.9193881769326255,0.0,-12.195121951219495,52.459694088466314,43.90243902439025,61.016949152542374,52.459694088466314,43.90243902439025,61.016949152542374,52.459694088466314,43.90243902439025,61.016949152542374
40700.0,52.0,2.5974025974025823,0.0,-9.090909090909099,51.298701298701296,45.45454545454545,57.14285714285714,51.298701298701296,45.45454545454545,57.14285714285714,51.298701298701296,45.45454545454545,57.14285714285714
40800.0,56.99999999999999,10.041841004184086,0.0,-7.500000000000007,55.02205924482898,45.56962025316456,64.46280991735537,55.04413619167718,46.15384615384615,63.934426229508205,55.00000000000001,45.0,65.0
40900.0,49.0,-4.3371522094926105,0.0,-21.42857142857142,47.830958790186685,40.0,55.65217391304348,47.837617299061606,39.53488372093023,56.14035087719298,47.82430213464696,40.476190476190474,55.172413793103445
41000.0,52.0,-6.951871657754012,0.0,-41.176470588235304,46.524064171122994,29.411764705882355,63.63636363636363,46.524064171122994,29.411764705882355,63.63636363636363,46.524064171122994,29.411764705882355,63.63636363636363
41100.0,54.0,7.667603372139705,0.0,2.1276595744680873,53.83380168606985,51.06382978723404,56.60377358490566,53.83380168606985,51.06382978723404,56.60377358490566,53.83380168606985,51.06382978723404,56.60377358490566
41200.0,51.0,0.3254678600488295,0.0,-11.363636363636376,50.162768174679194,43.67816091954023,56.63716814159292,50.16319869441044,44.18604651162791,56.14035087719298,50.16233766233766,43.18181818181818,57.14285714285714
41300.0,47.0,-6.5112540192926005,0.0,-15.21739130434784,46.74371169724663,43.01075268817204,50.467289719626166,46.7482938578884,42.5531914893617,50.943396226415096,46.7391304347826,43.47826086956522,50.0
41400.0,56.99999999999999,11.449752883031298,0.0,-2.3809523809523827,55.726118605643016,48.19277108433735,63.24786324786326,55.74617610582886,48.78048780487805,62.71186440677966,55.70607553366174,47.61904761904761,63.793103448275865
41500.0,54.0,1.3299013299013265,0.0,-24.324324324324316,50.664950664950666,37.83783783783783,63.49206349206349,50.664950664950666,37.83783783783784,63.49206349206349,50.664950664950666,37.83783783783784,63.49206349206349
41600.0,56.99999999999999,12.530512611879574,0.0,0.0,56.266569984817934,50.57471264367817,61.94690265486725,56.25,50.0,62.5,56.28314973480213,51.162790697674424,61.40350877192983
41700.0,41.0,-22.406639004149387,0.0,-43.90243902439024,38.79413116304471,27.160493827160497,50.42016806722689,38.75,27.500000000000004,50.0,38.838362959900785,26.82926829268293,50.847457627118644
41800.0,47.0,-13.054607508532431,1.851851851851843,-39.47368421052632,43.47108995806042,29.333333333333332,57.599999999999994,43.43629343629344,29.72972972972973,57.14285714285714,43.50594227504245,28.947368421052634,58.06451612903226
41900.0,49.0,-6.694560669456074,-2.0000000000000018,-27.499999999999996,46.651949963208246,35.44303797468355,57.85123966942148,46.637242538881885,35.8974358974359,57.377049180327866,46.666666666666664,35.0,58.333333333333336
42000.0,56.99999999999999,13.99999999999999,0.0,8.510638297872324,57.00140052581144,56.56565656565656,57.425742574257434,57.00000000000001,56.00000000000001,57.99999999999999,57.002801120448176,57.14285714285714,56.86274509803921
42100.0,48.0,-4.669887278582953,0.0,-18.181818181818198,47.66505636070853,43.47826086956522,51.85185185185185,47.66505636070853,43.47826086956522,51.85185185185185,47.66505636070853,43.47826086956522,51.85185185185185
42200.0,57.99999999999999,3.4926470588235023,0.0,-31.250000000000032,51.74632352941176,34.375,69.11764705882352,51.74632352941176,34.375,69.11764705882352,51.74632352941176,34.375,69.11764705882352
42300.0,50.0,-0.36130068245684943,0.0,-6.382978723404261,49.81934965877158,46.808510638297875,52.83018867924528,49.81934965877158,46.808510638297875,52.83018867924528,49.81934965877158,46.808510638297875,52.83018867924528
42400.0,62.0,22.48062015503877,0.0,11.627906976744196,61.240310077519375,55.81395348837209,66.66666666666666,61.240310077519375,55.81395348837209,66.66666666666666,61.240310077519375,55.81395348837209,66.66666666666666
42500.0,40.0,-21.75324675324677,0.0,-36.363636363636374,39.12337662337663,31.818181818181817,46.42857142857143,39.12337662337663,31.818181818181817,46.42857142857143,39.12337662337663,31.818181818181817,46.42857142857143
42600.0,50.0,-11.358574610245,1.960784313725492,-42.85714285714287,44.31434301018828,26.470588235294112,62.121212121212125,44.23337856173677,27.27272727272727,61.19402985074627,44.395604395604394,25.71428571428571,63.07692307692307
42700.0,57.99999999999999,9.90990990990989,0.0,-13.513513513513525,54.95495495495495,43.24324324324324,66.66666666666666,54.95495495495495,43.24324324324324,66.66666666666666,54.95495495495495,43.24324324324324,66.66666666666666
42800.0,50.0,-6.112054329371827,0.0,-31.57894736842105,46.9439728353141,34.21052631578947,59.67741935483871,46.9439728353141,34.21052631578947,59.67741935483871,46.9439728353141,34.21052631578947,59.67741935483871
42900.0,60.0,18.40065279477765,0.0,19.999999999999996,59.200326397388814,64.91228070175438,53.48837209302325,59.200326397388814,64.91228070175438,53.48837209302325,59.200326397388814,64.91228070175438,53.48837209302325
43000.0,53.0,-2.620087336244544,0.0,-27.027027027027025,48.68961625945539,33.80281690140845,63.565891472868216,48.697916666666664,33.33333333333333,64.0625,48.68131868131868,34.285714285714285,63.07692307692307
43100.0,54.0,1.3299013299013265,0.0,-24.324324324324316,50.664950664950666,37.83783783783783,63.49206349206349,50.664950664950666,37.83783783783784,63.49206349206349,50.664950664950666,37.83783783783784,63.49206349206349
43200.0,46.0,-10.159118727050162,0.0,-25.581395348837187,44.92044063647491,37.20930232558139,52.63157894736842,44.92044063647491,37.2093023255814,52.63157894736842,44.92044063647491,37.2093023255814,52.63157894736842
43300.0,52.0,-4.166666666666666,0.0,-33.33333333333333,47.916666666666664,33.33333333333333,62.5,47.916666666666664,33.33333333333333,62.5,47.916666666666664,33.33333333333333,62.5
43400.0,56.00000000000001,11.682055399437983,0.0,6.382978723404261,55.84102769971899,53.191489361702125,58.490566037735846,55.84102769971899,53.191489361702125,58.490566037735846,55.84102769971899,53.191489361702125,58.490566037735846
43500.0,49.0,-6.694560669456074,0.0,-27.499999999999996,46.651949963208246,35.44303797468355,57.85123966942148,46.637242538881885,35.8974358974359,57.377049180327866,46.666666666666664,35.0,58.333333333333336
43600.0,48.0,-4.375752709755127,0.0,-10.638297872340436,47.81212364512244,44.680851063829785,50.943396226415096,47.81212364512244,44.680851063829785,50.943396226415096,47.81212364512244,44.680851063829785,50.943396226415096
43700.0,54.0,7.852564102564105,0.0,-9.523809523809506,53.92628205128205,52.083333333333336,55.769230769230774,53.92628205128205,52.083333333333336,55.769230769230774,53.92628205128205,52.083333333333336,55.769230769230774
43800.0,59.0,7.98922800718132,0.0,-24.242424242424267,53.99571368234179,38.805970149253724,69.17293233082708,53.96613190730838,38.23529411764706,69.6969696969697,54.02532790592491,39.39393939393939,68.65671641791045
43900.0,53.0,5.241935483870972,0.0,-2.173913043478263,52.621504473948775,48.35164835164835,56.88073394495413,52.62626262626262,48.888888888888886,56.36363636363636,52.61674718196458,47.82608695652174,57.407407407407405
44000.0,50.0,-5.086170659941152,0.0,-28.2051282051282,47.45691467002943,35.8974358974359,59.01639344262295,47.45691467002943,35.8974358974359,59.01639344262295,47.45691467002943,35.8974358974359,59.01639344262295
44100.0,56.99999999999999,4.867256637168122,0.0,-26.470588235294144,52.43427608666619,37.68115942028986,67.17557251908397,52.41758241758242,37.142857142857146,67.6923076923077,52.45098039215685,38.23529411764706,66.66666666666666
44200.0,47.0,-7.811228641171682,0.0,-20.454545454545475,46.093561402903745,39.08045977011494,53.09734513274336,46.083231334149325,39.53488372093023,52.63157894736842,46.103896103896105,38.63636363636363,53.57142857142857
44300.0,54.0,7.667603372139705,0.0,2.1276595744680873,53.83380168606985,51.06382978723404,56.60377358490566,53.83380168606985,51.06382978723404,56.60377358490566,53.83380168606985,51.06382978723404,56.60377358490566
44400.0,50.0,-0.6441223832528366,0.0,-8.695652173913052,49.67793880837359,45.65217391304348,53.70370370370371,49.67793880837359,45.65217391304348,53.70370370370371,49.67793880837359,45.65217391304348,53.70370370370371
44500.0,59.0,12.542662116040947,0.0,-10.810810810810821,56.27282765650216,45.333333333333336,67.19999999999999,56.239388794567056,44.73684210526316,67.74193548387096,56.30630630630631,45.94594594594595,66.66666666666666
44600.0,56.99999999999999,7.247627264883512,0.0,-16.21621621621623,53.62471015443846,41.09589041095891,66.14173228346458,53.645833333333336,41.66666666666667,65.625,53.6036036036036,40.54054054054054,66.66666666666666
44700.0,50.0,-2.6272577996715762,1.960784313725492,-19.047619047619037,48.68637110016421,40.476190476190474,56.896551724137936,48.68637110016421,40.476190476190474,56.896551724137936,48.68637110016421,40.476190476190474,56.896551724137936
44800.0,39.0,-25.308134757600655,-3.3898305084745695,-38.636363636363654,37.27535414757911,26.506024096385545,47.86324786324786,37.05338377469525,28.205128205128204,45.90163934426229,37.5,25.0,50.0
44900.0,49.0,-6.427378964941556,7.272727272727268,-21.42857142857142,46.76778020720895,35.44303797468354,57.85123966942148,46.6966966966967,37.83783783783784,55.55555555555556,46.83908045977011,33.33333333333333,60.3448275862069
45000.0,48.0,-7.660455486542475,-26.829268292682922,-57.5757575757576,46.03841810600603,33.33333333333333,57.37704918032788,46.26262626262626,28.888888888888886,63.63636363636363,45.81637268204432,39.39393939393939,52.23880597014925
45100.0,47.0,-6.5112540192926005,0.0,-15.21739130434784,46.74371169724663,43.01075268817204,50.467289719626166,46.7482938578884,42.5531914893617,50.943396226415096,46.7391304347826,43.47826086956522,50.0
45200.0,53.0,3.8461538461538756,0.0,-9.30232558139533,51.92348788168361,44.70588235294118,59.13043478260869,51.92939244663383,45.23809523809524,58.620689655172406,51.91758465932273,44.18604651162791,59.64912280701754
45300.0,57.99999999999999,13.187267465894992,0.0,-7.692307692307699,56.5936337329475,48.78048780487805,64.40677966101694,56.5936337329475,48.78048780487805,64.40677966101694,56.5936337329475,48.78048780487805,64.40677966101694
45400.0,61.0,12.47755834829443,0.0,-18.181818181818198,56.24048399411619,41.791044776119406,70.67669172932331,56.19429590017826,41.17647058823529,71.21212121212122,56.28674807779286,42.42424242424242,70.1492537313433
45500.0,59.0,12.542662116040947,2.3809523809523827,-7.89473684210527,56.27282765650216,45.333333333333336,67.19999999999999,56.30630630630631,45.94594594594595,66.66666666666666,56.239388794567056,44.73684210526316,67.74193548387096
45600.0,54.0,3.361344537815129,2.1276595744680873,-14.999999999999986,51.682225081442134,41.02564102564102,62.29508196721313,51.697792869269946,42.10526315789473,61.29032258064516,51.66666666666666,40.0,63.33333333333333
45700.0,56.99999999999999,11.449752883031298,2.27272727272725,-2.3809523809523827,55.726118605643016,48.19277108433735,63.24786324786326,55.74617610582886,48.78048780487805,62.71186440677966,55.70607553366174,47.61904761904761,63.793103448275865
45800.0,41.0,-18.56913183279742,1.666666666666659,-18.000000000000004,40.71354526092411,44.85981308411215,36.55913978494624,40.72661581694099,45.28301886792453,36.17021276595745,40.70048309178744,44.44444444444444,36.95652173913043
45900.0,50.0,-6.112054329371827,0.0,-24.999999999999993,46.9439728353141,34.21052631578947,59.67741935483871,46.9439728353141,34.21052631578947,59.67741935483871,46.9439728353141,34.21052631578947,59.67741935483871
46000.0,59.0,17.004048582995946,-5.128205128205133,6.8181818181818,58.503781747549965,53.93258426966293,63.06306306306306,58.484848484848484,53.333333333333336,63.63636363636363,58.52272727272727,54.54545454545454,62.5
46100.0,48.0,-17.540687160940355,1.8867924528301903,-52.94117647058826,41.219198581828074,21.21212121212121,61.19402985074627,41.08455882352941,21.875,60.29411764705882,41.35472370766489,20.588235294117645,62.121212121212125
46200.0,51.0,0.8097165991902842,0.0,-11.363636363636376,50.404942263805374,44.9438202247191,55.85585585585585,50.40404040404041,44.44444444444444,56.36363636363636,50.40584415584416,45.45454545454545,55.35714285714286
46300.0,56.99999999999999,8.27645051194538,0.0,-13.157894736842115,54.139216931038966,42.66666666666667,65.60000000000001,54.16130416130416,43.24324324324324,65.07936507936508,54.11714770797962,42.10526315789473,66.12903225806451
46400.0,55.00000000000001,-0.9874326750448742,0.0,-36.36363636363637,49.50614547156334,32.83582089552239,66.1654135338346,49.50980392156863,32.35294117647059,66.66666666666666,49.50248756218906,33.33333333333333,65.67164179104478
46500.0,53.0,6.000000000000005,0.0,-2.173913043478263,53.000600233298236,53.46534653465347,52.52525252525252,53.0,54.0,52.0,53.00120048019208,52.94117647058824,53.06122448979592
46600.0,59.0,14.937759336099576,0.0,-13.8888888888889,57.47053058435311,49.382716049382715,65.54621848739495,57.441091360066146,48.78048780487805,66.10169491525424,57.49999999999999,50.0,65.0
46700.0,56.00000000000001,10.240718074255431,0.0,-2.3255813953488134,55.120359037127706,48.837209302325576,61.40350877192983,55.120359037127706,48.837209302325576,61.40350877192983,55.120359037127706,48.837209302325576,61.40350877192983
46800.0,50.0,-0.16025641025641485,0.0,-16.279069767441847,49.919871794871796,47.91666666666667,51.92307692307693,49.919871794871796,47.91666666666667,51.92307692307693,49.919871794871796,47.91666666666667,51.92307692307693
46900.0,46.0,-14.60101867572157,-3.8461538461538387,-42.105263157894726,42.69949066213922,28.947368421052634,56.451612903225815,42.69949066213922,28.947368421052634,56.451612903225815,42.69949066213922,28.947368421052634,56.451612903225815
47000.0,61.0,8.018867924528308,2.500000000000002,-25.80645161290321,54.01069408507249,36.0655737704918,71.94244604316546,54.047619047619044,36.666666666666664,71.42857142857143,53.97381954184198,35.483870967741936,72.46376811594203
47100.0,59.0,17.004048582995946,0.0,8.888888888888873,58.503781747549965,53.93258426966293,63.06306306306306,58.52272727272727,54.54545454545454,62.5,58.484848484848484,53.333333333333336,63.63636363636363
47200.0,55.00000000000001,4.010238907849837,0.0,-21.62162162162161,52.00560211830098,40.0,64.0,51.99490662139219,39.473684210526315,64.51612903225806,52.01630201630202,40.54054054054054,63.49206349206349
47300.0,51.0,0.8097165991902842,0.0,-8.888888888888898,50.404942263805374,44.9438202247191,55.85585585585585,50.40584415584416,45.45454545454545,55.35714285714286,50.40404040404041,44.44444444444444,56.36363636363636
47400.0,51.0,0.3254678600488295,0.0,-11.363636363636376,50.162768174679194,43.67816091954023,56.63716814159292,50.16319869441044,44.18604651162791,56.14035087719298,50.16233766233766,43.18181818181818,57.14285714285714
47500.0,47.0,-13.054607508532431,-1.9230769230769247,-39.47368421052632,43.47108995806042,29.333333333333332,57.599999999999994,43.43629343629344,29.72972972972973,57.14285714285714,43.50594227504245,28.947368421052634,58.06451612903226
47600.0,65.0,28.803905614320595,5.405405405405411,18.604651162790713,64.40496124652823,59.77011494252873,69.02654867256636,64.44308445532437,60.46511627906976,68.42105263157895,64.36688311688312,59.09090909090909,69.64285714285714
47700.0,49.0,6.524926686217003,-15.909090909090926,-34.21052631578947,53.96852564160308,52.336448598130836,45.16129032258064,54.160822814399246,40.57971014492754,67.74193548387096,53.777589134125634,73.68421052631578,33.87096774193548
47800.0,56.00000000000001,0.5424954792043305,13.725490196078443,8.333333333333341,51.61393775155141,71.42857142857143,4.347826086956522,53.06122448979591,56.12244897959183,50.0,50.243506493506494,98.21428571428571,2.272727272727273
47900.0,63.0,14.033457249070633,31.481481481481477,5.128205128205133,57.72413330264953,37.28813559322034,73.75886524822694,59.10186859553947,52.38095238095239,65.82278481012658,56.40916808149405,28.947368421052634,83.87096774193549
48000.0,52.0,0.0,-17.073170731707304,0.0,,,68.42105263157895,,,52.0,50.0,0.0,100.0
48100.0,53.0,0.0,4.081632653061228,-11.904761904761887,,,69.28104575163398,,,53.0,50.0,0.0,100.0
48200.0,55.00000000000001,2.173913043478263,13.461538461538472,-7.142857142857122,51.87888618545553,18.18181818181818,68.96551724137932,52.77777777777778,50.0,55.55555555555556,51.010101010101,11.11111111111111,90.9090909090909
48300.0,48.0,0.0,5.454545454545449,-15.55555555555557,,64.86486486486487,,,48.0,,50.0,100.0,0.0
48400.0,53.0,9.266409266409275,2.0833333333333353,-17.49999999999999,54.980356773623576,52.52525252525252,53.46534653465347,54.96072757337743,44.06779661016949,65.85365853658537,55.00000000000001,65.0,45.0
48500.0,56.99999999999999,0.0,18.867924528301884,0.0,,,72.61146496815287,,,56.99999999999999,50.0,0.0,100.0
48600.0,66.0,0.0,37.03703703703704,0.0,,,79.51807228915662,,,66.0,50.0,0.0,100.0
48700.0,60.0,-5.876124933827421,13.043478260869554,-8.108108108108116,37.5,,75.0,30.927835051546392,0.0,61.855670103092784,47.61904761904761,0.0,95.23809523809523
48800.0,65.0,0.0,28.571428571428577,0.0,,,78.7878787878788,,,65.0,50.0,0.0,100.0
48900.0,50.0,0.0,7.407407407407403,-2.040816326530614,,,66.66666666666666,,,50.0,50.0,0.0,100.0
49000.0,59.0,0.0,29.3103448275862,-2.500000000000002,,,74.21383647798743,,,59.0,50.0,0.0,100.0
49100.0,51.0,-5.603448275862075,7.547169811320761,-6.521739130434789,41.11779984102313,3.9215686274509802,67.11409395973153,36.31578947368421,20.0,52.63157894736842,47.38325281803542,2.1739130434782608,92.5925925925926
49200.0,59.0,0.0,-2.500000000000002,0.0,,,74.21383647798743,,,59.0,50.0,0.0,100.0
49300.0,51.0,0.0,-8.888888888888898,-2.0833333333333353,,,67.54966887417218,,,51.0,50.0,0.0,100.0
49400.0,62.0,0.0,9.52380952380953,0.0,,,76.5432098765432,,,62.0,50.0,0.0,100.0
49500.0,55.00000000000001,0.0,15.094339622641522,0.0,,,70.96774193548387,,,55.00000000000001,50.0,0.0,100.0
49600.0,56.99999999999999,0.0,27.118644067796605,0.0,,,72.61146496815287,,,56.99999999999999,50.0,0.0,100.0
49700.0,57.99999999999999,0.0,12.49999999999999,0.0,,,73.41772151898734,,,57.99999999999999,50.0,0.0,100.0
49800.0,57.99999999999999,0.0,6.666666666666648,0.0,,,73.41772151898734,,,57.99999999999999,50.0,0.0,100.0
49900.0,54.0,0.0,13.207547169811331,0.0,,,70.12987012987013,,,54.0,50.0,0.0,100.0
50000.0,52.0,0.0,11.11111111111111,-9.090909090909099,,,68.42105263157895,,,52.0,50.0,0.0,100.0
